hsgpa,Superset,AL,termhrs,Math Tier,gradeN,1TG zer,1T GD z,Change,CG Bla,FG D z,RATE.NND
3.45,1120,0,12,,,3.5,-0.05,0,2.97,0.48,G
3.86,1240,4,16,4,3,3.231,0.629,0,3.394,0.466,G
3.3,950,1,12,,,3.833,-0.533,0,3.729,-0.429,N
3.69,1300,2,16,4,4,3,0.69,1,2.188,1.502,N
2.8,1100,0,16,5,0,0,2.8,0,3.833,-1.033,N
3.4,1080,4,16,2,4,3.063,0.337,0,3.455,-0.055,G
3.7,1030,3,16,4,3,3.563,0.137,1,3.132,0.568,G
2.5,980,2,15,4,0,2.417,0.083,1,2.282,0.218,G
3.94,1140,1,16,2,4,4,-0.06,0,3.771,0.169,G
3,1030,2,16,1,2,2.125,0.875,0,2.547,0.453,N
2.9,1040,0,17,1,0,0,2.9,1, ,2.9,N
3.59,920,0,16,4,2,2.813,0.777,1,2.897,0.693,G
3.93,1210,4,16,4,4,3.625,0.305,0,3.248,0.682,G
3.97,1080,0,16,1,3,2.667,1.303,0, ,3.97,N
3,1110,3,15,4,2,2.8,0.2,0,2.93,0.07,G
3,890,1,16,1,3,2.625,0.375,1,2.625,0.375,N
3.3,960,4,16,2,1,2,1.3,0,2.653,0.647,G
3.24,890,0,12,1,2,1.583,1.657,0,1.583,1.657,N
3.23,1180,3,16,2,4,4,-0.77,0,4,-0.77,G
3.17,1070,2,16,2,3,2.667,0.503,0,2.833,0.337,N
3.8,1170,0,16,4,4,3.625,0.175,1,2.87,0.93,G
3.81,1140,3,17,4,3,3.286,0.524,0,3.717,0.093,G
3,1040,0,15,4,2,2.933,0.067,0,2.683,0.317,N
3,1190,1,15,2,3,2.4,0.6,0,2.048,0.952,N
3.65,1280,0,16,4,4,3.625,0.025,0,3.282,0.368,G
2.43,900,0,14,1,0,0,2.43,0, ,2.43,N
3.79,1120,4,15,4,4,3.2,0.59,1,3.662,0.128,G
3.52,810,0,15,2,0,2.714,0.806,0,3.22,0.3,G
3.57,1280,4,16,4,4,3.125,0.445,1,3.125,0.445,N
3.5,1250,2,16,4,4,3.813,-0.313,1,3.492,0.008,G
3.34,950,3,15,,,2,1.34,0,3.171,0.169,G
3.9,1220,4,16,4,2,2.5,1.4,0,1.433,2.467,N
2.48,880,2,13,1,2,3.077,-0.597,0,2.071,0.409,N
3.3,1100,3,15,2,2,2,1.3,0,1.889,1.411,N
3.7,950,4,16,2,3,3.25,0.45,1,3.333,0.367,G
3.94,1350,0,17,4,4,3.786,0.154,1,3.858,0.082,G
2.8,890,2,17,4,1,1.882,0.918,0, ,2.8,N
3.91,1120,0,16,1,4,3.625,0.285,0,3.023,0.887,G
3.74,1220,4,16,2,3,2.867,0.873,1,3.478,0.262,G
3.21,650,0,16,2,2,2.25,0.96,0,2.47,0.74,G
3.57,1020,4,17,4,0,0.941,2.629,0,0.941,2.629,N
2.91,740,0,12,,,3,-0.09,0,3,-0.09,N
1.75,1240,0,16,,,3,-1.25,1,2.914,-1.164,N
3.3,920,4,16,3,4,2.583,0.717,0,3,0.3,G
3.34,1140,2,16,2,3,2.833,0.507,1,3.643,-0.303,G
3.3,1100,4,17,4,1,2.143,1.157,0,3.48,-0.18,G
2.99,870,2,14,2,3,1.071,1.919,0,2.585,0.405,G
3.35,1190,4,15,1,2,1.067,2.283,1,1.067,2.283,N
3.56,1050,3,16,4,1,2.5,1.06,0,2.509,1.051,N
2.3,1270,0,16,1,1,1.8,0.5,0,1.8,0.5,N
3,880,2,14,4,1,2.071,0.929,1,2.1,0.9,N
2.99,680,3,17,1,2,2.471,0.519,0,3.264,-0.274,G
3.26,1060,0,15,4,2,2.917,0.343,0,2.872,0.388,G
2.783,990,4,17,1,2,1.824,0.959,0,2.538,0.245,G
3.3,980,1,16,4,2,1.5,1.8,0,1.4,1.9,N
3.21,910,0,14,2,0,1.846,1.364,0,2.711,0.499,G
3.22,1170,4,16,2,1,1.4,1.82,0,3,0.22,N
3.9,840,0,16,3,0,3.563,0.337,0,3.563,0.337,N
2.81,1110,0,16,2,0,0,2.81,1, ,2.81,N
3.9,1190,3,16,4,2,2.25,1.65,0,2.553,1.347,N
2.59,1070,3,17,2,0,1.733,0.857,1,1.733,0.857,N
3.76,1280,1,17,2,2,3.313,0.447,0,3.704,0.056,G
3.7,1120,3,16,2,3,3.467,0.233,1,3.33,0.37,G
2.98,780,2,13,2,0,0.231,2.749,0, ,2.98,N
2.71,740,2,14,1,3,2.357,0.353,0,2.69,0.02,G
2.92,1070,2,17,1,0,0.643,2.277,0,0.692,2.228,N
3,900,2,13,1,4,2.769,0.231,1,2.33,0.67,G
2.98,880,4,15,4,2,1.667,1.313,0,1.667,1.313,N
2.34,940,4,15,4,1,1.25,1.09,1,1.619,0.721,N
3.3,1330,4,16,4,3,3.188,0.112,0,3.188,0.112,N
3.45,930,3,17,4,0,0,3.45,0, ,3.45,N
3.9,920,4,16,4,0,0,3.9,0, ,3.9,N
2.74,850,4,17,1,3,1.235,1.505,1,2.209,0.531,G
3.37,1330,1,16,4,3,2.438,0.932,1,2.058,1.312,N
1.7,1130,4,17,4,4,2.882,-1.182,0,2.43,-0.73,G
2.93,970,0,16,2,0,1.765,1.165,0,1.765,1.165,N
2.64,810,4,14,1,0,1.231,1.409,0,1.231,1.409,N
2.31,1060,2,16,,,2.6,-0.29,1,2.6,-0.29,N
2.57,820,3,13,2,1,1.923,0.647,0,1.923,0.647,N
2.42,700,0,12,,,1.917,0.503,0,2,0.42,G
2.62,900,4,16,2,0,1.385,1.235,0,1.385,1.235,N
2.69,1260,4,14,2,3,3.429,-0.739,0,2.184,0.506,N
2.55,950,3,16,1,0,2.692,-0.142,0,1.903,0.647,N
2.3,820,0,16,1,0,0,2.3,0, ,2.3,N
3.28,870,3,16,1,3,3.063,0.217,0,2.794,0.486,G
3.96,930,1,15,3,4,3.75,0.21,0,3.512,0.448,G
2.67,860,1,15,1,0,0,2.67,0, ,2.67,N
2.66,830,0,15,1,2,3.2,-0.54,1,3.168,-0.508,G
3.05,870,3,16,1,0,2.438,0.612,0, ,3.05,N
2.15,1000,4,15,2,0,2.2,-0.05,0,2.2,-0.05,N
3.3,1350,0,16,2,2,2.4,0.9,0,2.606,0.694,G
3.87,1080,4,16,4,3,3.563,0.307,0,2.958,0.912,G
3.41,1050,4,14,1,0,1.357,2.053,0,2.412,0.998,G
3.25,1180,4,16,,,3.4,-0.15,0,3.301,-0.051,G
2.88,750,3,14,,,2.75,0.13,1,2.28,0.6,G
3.1,900,3,13,2,3,3.077,0.023,0,3.063,0.037,G
3.95,1440,0,16,4,4,4,-0.05,0,2.963,0.987,G
2.93,1090,3,15,4,3,2.2,0.73,0,2.748,0.182,G
3,970,1,16,4,2,2.2,0.8,1,2.2,0.8,N
2.81,1000,2,17,2,2,1.5,1.31,1,1.5,1.31,N
3.38,1500,4,16,4,1,2,1.38,0, ,3.38,N
3.72,1340,2,17,4,0,1.571,2.149,0, ,3.72,N
3.7,940,0,17,2,3,2.25,1.45,1,3.056,0.644,G
4,1220,4,14,4,4,4,0,0,3.91,0.09,G
3.69,1200,1,16,2,2,2.6,1.09,0,2.981,0.709,G
3.36,950,0,17,4,0,0.643,2.717,1,0.643,2.717,N
2.94,1210,2,13,2,4,2.917,0.023,0,3.241,-0.301,G
3.3,1180,2,13,2,0,1.231,2.069,0,1.231,2.069,N
3.41,1060,3,16,2,2,2.313,1.097,1,2.538,0.872,N
2.72,860,3,15,1,1,1.857,0.863,0, ,2.72,N
3.2,1210,0,14,,,0.857,2.343,1, ,3.2,N
3.15,1210,4,16,4,2,2.125,1.025,0,1.344,1.806,N
3.47,1030,4,16,1,3,3.067,0.403,1,3.148,0.322,N
3.08,1080,0,19,3,4,0,3.08,0,2.617,0.463,G
3.3,850,2,14,1,4,2.786,0.514,0,2.877,0.423,G
3.5,1240,2,16,4,3,2.813,0.687,1,2.831,0.669,G
3.3,1050,4,14,2,4,4,-0.7,0,3.302,-0.002,G
3.94,1170,1,17,1,4,2.538,1.402,0,2.922,1.018,G
3.41,850,4,16,2,4,2.867,0.543,0,2.867,0.543,N
2.19,1260,3,17,4,3,1.643,0.547,0,1.643,0.547,N
2.7,1060,1,17,2,1,2.563,0.137,0,2.642,0.058,G
3.75,850,4,16,1,0,0.267,3.483,0, ,3.75,N
3.75,1210,3,16,4,4,3.688,0.062,1,2.725,1.025,G
3.75,1040,4,15,2,1,2.357,1.393,0,1.929,1.821,N
4,1340,3,16,4,4,3.625,0.375,1,3.591,0.409,G
3.28,1030,3,16,4,1,1.938,1.342,1,2.708,0.572,G
3.1,1150,0,16,1,0,0.063,3.037,0,0.063,3.037,N
3.09,990,0,16,1,4,1.313,1.777,0,2.662,0.428,N
4,1390,0,16,2,4,4,0,1,3.968,0.032,G
3.6,850,3,16,1,1,2.8,0.8,1,2.721,0.879,G
3,840,0,16,1,0,1.5,1.5,0,1.878,1.122,N
2.81,1060,0,16,4,1,1.538,1.272,1,1.538,1.272,N
3.64,1140,2,13,2,0,0,3.64,1, ,3.64,N
3.86,1140,4,16,4,4,3.438,0.422,0,2.919,0.941,G
2.89,1070,0,16,4,3,2.875,0.015,1,3.05,-0.16,G
3.02,1180,4,17,4,1,1.429,1.591,0, ,3.02,N
3.4,1120,0,13,1,0,0.231,3.169,0, ,3.4,N
3.84,1360,4,15,4,4,3.714,0.126,1,3.61,0.23,G
3.2,850,3,17,4,0,1.143,2.057,0,1.92,1.28,N
3.76,1170,0,17,4,4,3.647,0.113,0,3.647,0.113,N
3.7,910,3,15,4,4,3.417,0.283,1,2.905,0.795,N
2.95,1140,0,15,3,0,0.438,2.512,1, ,2.95,N
2.9,1100,0,16,4,1,1.615,1.285,0,1.2,1.7,N
2.7,860,3,16,2,4,1.933,0.767,0,1.958,0.742,N
3.89,1360,2,17,4,4,3.118,0.772,0,3.117,0.773,N
3.39,810,4,15,1,3,2.143,1.247,0,1.964,1.426,N
3.01,1030,1,15,4,3,2.4,0.61,0,2.56,0.45,G
3.7,1260,1,17,4,0,1.308,2.392,0,1.76,1.94,N
2.64,810,3,16,1,2,2,0.64,0,2.68,-0.04,G
3.3,860,4,17,2,4,3.375,-0.075,0,3.379,-0.079,G
2.75,860,1,17,1,1,2.667,0.083,0,2.667,0.083,N
2.65,1050,0,12,2,0,0,2.65,0, ,2.65,N
3.8,1160,1,16,4,2,2.938,0.862,1,3.729,0.071,G
3.3,1170,3,16,2,2,2.467,0.833,0,3.017,0.283,G
2.78,800,0,17,2,1,1.588,1.192,1,1.588,1.192,N
3.9,1160,0,16,,,3.467,0.433,0,3.478,0.422,G
3.41,1050,3,17,1,0,1.154,2.256,0,2.613,0.797,G
4,1180,3,16,,,4,0,1,4,0,G
3.2,810,0,14,1,2,2.462,0.738,1,1.771,1.429,N
3.3,960,0,15,4,2,2.2,1.1,0,2.864,0.436,G
3.21,1280,2,16,4,2,2.188,1.022,0,2.188,1.022,N
3.4,980,2,16,,,3.067,0.333,1,3.143,0.257,G
2.51,760,4,13,1,2,1.615,0.895,1,1.97,0.54,G
2.87,820,3,15,4,1,2.4,0.47,1,2.4,0.47,N
3.83,1490,0,17,5,3,3.588,0.242,0,3.356,0.474,G
3.05,1020,3,16,2,2,2.067,0.983,0,2.067,0.983,N
3.41,1410,0,16,4,3,3.188,0.222,1,3.318,0.092,N
3,910,0,17,1,3,3.25,-0.25,0,3.25,-0.25,N
3.46,1150,0,13,4,3,2.462,0.998,0, ,3.46,N
2.85,1030,2,16,2,4,3.6,-0.75,0,3.472,-0.622,G
2.75,1260,0,17,1,0,0.647,2.103,0,2.302,0.448,N
2.96,1040,2,16,1,0,2.875,0.085,1,3.011,-0.051,G
3,1110,2,15,4,1,2.333,0.667,0, ,3,N
2.96,950,4,16,1,0,1.625,1.335,0, ,2.96,N
2.48,1120,4,15,4,4,3.8,-1.32,0,2.927,-0.447,G
3.21,1140,4,16,2,4,3.133,0.077,0,3.121,0.089,G
2.15,910,0,16,1,0,1,1.15,1,1.381,0.769,N
3.64,1100,0,13,2,1,1,2.64,1,2,1.64,N
3.26,940,0,15,1,2,2.2,1.06,0,2.03,1.23,N
2.8,840,2,17,1,1,2,0.8,0,2.342,0.458,N
3.35,1150,0,17,4,2,1.571,1.779,0,1.571,1.779,N
3.91,1400,3,17,3,2,2.588,1.322,0,4,-0.09,G
3.86,1140,4,15,4,3,3.2,0.66,0, ,3.86,N
3,1120,0,16,1,3,3.467,-0.467,1,2.707,0.293,N
2.66,1080,1,14,4,2,2.571,0.089,1,2.971,-0.311,G
2.4,1000,0,17,,,0.357,2.043,1,0.357,2.043,N
3.23,1030,4,16,2,2,3.063,0.167,0,2.93,0.3,G
2.7,1020,4,16,2,2,2.188,0.512,0,3.246,-0.546,G
3.42,1310,3,16,3,2,4,-0.58,0, ,3.42,N
2.3,950,4,16,1,0,1.25,1.05,1,2.308,-0.008,G
3.4,1200,4,17,4,3,2.941,0.459,0,3.322,0.078,G
3.91,1250,4,16,4,4,3.5,0.41,0,3.233,0.677,G
3.48,1200,1,16,4,4,3.813,-0.333,0,3.518,-0.038,G
3.66,1290,3,15,,,4,-0.34,1,3.763,-0.103,G
3.42,1190,1,15,4,1,2.583,0.837,0,2.957,0.463,G
3.7,1150,0,16,4,3,3.583,0.117,0,3.233,0.467,G
3.38,800,0,15,2,2,2.5,0.88,1,2.5,0.88,N
3.38,1090,1,16,4,3,3,0.38,0,2.849,0.531,G
3.37,970,3,16,1,4,3.267,0.103,0,3.15,0.22,G
3.43,1310,3,16,2,4,3.6,-0.17,0,3.813,-0.383,G
3.82,1400,4,16,4,3,3.375,0.445,0,3.109,0.711,G
3.6,890,3,16,4,0,0,3.6,0,2.45,1.15,N
3,1190,0,16,,,1.133,1.867,1, ,3,N
3.01,780,2,16,4,2,2.692,0.318,1,2.661,0.349,G
3.45,1290,1,16,2,0,1.563,1.887,0,2.61,0.84,G
3.7,1300,2,16,4,2,1.688,2.012,1,1.688,2.012,N
3.6,1180,3,17,4,4,2.941,0.659,1,2.941,0.659,N
1.97,980,0,15,2,0,0,1.97,0,1.5,0.47,N
3.68,980,0,13,1,0,0.75,2.93,0,0.75,2.93,N
3.74,690,1,17,,,0,3.74,0, ,3.74,N
3.98,1320,4,16,4,3,2.813,1.167,1,3.025,0.955,N
3.55,1130,0,16,2,4,2.133,1.417,0, ,3.55,N
3.61,1510,1,17,4,2,3.286,0.324,1,3.236,0.374,G
3.95,1280,4,16,3,3,3.375,0.575,0,3.394,0.556,G
3.74,1050,4,16,2,2,3.25,0.49,0,3.25,0.49,N
3.05,1240,0,17,4,3,3.412,-0.362,1,3.291,-0.241,G
3.02,1080,3,16,1,2,1.933,1.087,0,2.826,0.194,G
3.92,1260,0,16,2,2,3.438,0.482,0,3.674,0.246,G
3.64,780,3,16,2,1,2.667,0.973,0,2.667,0.973,N
3.95,1160,0,16,4,0,3.5,0.45,0, ,3.95,N
3.7,990,3,16,2,2,3.067,0.633,0,3.127,0.573,G
3.75,1100,4,16,2,2,3.4,0.35,1,3.393,0.357,G
3.6,1020,3,16,2,0,0,3.6,1,1,2.6,N
3.21,1060,3,15,4,0,2.267,0.943,1,2.071,1.139,N
2.94,1360,0,16,2,4,3.467,-0.527,0,3.65,-0.71,N
3.48,1040,1,15,1,4,3.25,0.23,0,3.25,0.23,N
3.43,1000,2,17,2,2,3.059,0.371,0,3.059,0.371,N
4,1300,3,15,4,4,3.8,0.2,1,3,1,N
2.53,920,0,13,2,0,0.667,1.863,0,2.286,0.244,N
3.7,1110,4,16,3,0,0.769,2.931,0,0.769,2.931,N
3.07,880,3,15,1,2,2.467,0.603,0,2.31,0.76,G
2.6,840,3,14,,,0,2.6,0, ,2.6,N
2.67,980,4,16,1,1,2.467,0.203,1,2.641,0.029,N
2.3,940,2,16,1,2,1.875,0.425,0,2.16,0.14,N
4,1020,1,16,3,3,3,1,0, ,4,N
3.23,1240,2,16,2,2,3.067,0.163,0,3.518,-0.288,G
3.27,1010,3,16,1,2,2.25,1.02,1,2.25,1.02,N
3.3,1050,3,16,2,0,0,3.3,1, ,3.3,N
2.7,600,0,14,1,0,1.308,1.392,0,2.11,0.59,N
3.532,1080,0,14,,,0,3.532,0, ,3.532,N
3,1130,3,16,2,0,1.867,1.133,1,1.867,1.133,N
3.67,950,4,17,4,3,2.706,0.964,0,2.482,1.188,G
3.7,870,0,16,2,0,1.375,2.325,0,1.667,2.033,N
3.43,740,3,17,1,4,3.412,0.018,0,3.607,-0.177,G
3.9,1430,0,16,2,4,3.313,0.587,0,3.457,0.443,G
3.86,1310,4,16,4,4,4,-0.14,1,3.512,0.348,G
4,1120,4,16,4,3,3,1,1,2.944,1.056,G
3.13,1090,3,15,4,1,1.533,1.597,0,1.533,1.597,N
3.56,950,3,16,2,3,2.867,0.693,0,2.991,0.569,G
3,1170,2,17,2,0,0.385,2.615,1, ,3,N
3.24,1020,3,16,2,1,2.2,1.04,0,2.071,1.169,N
3.3,1220,3,14,4,1,2.154,1.146,0,2.818,0.482,N
3,1010,4,16,4,0,0.625,2.375,1,0.769,2.231,N
2.95,930,4,14,4,0,1.286,1.664,0,1.286,1.664,N
3.07,990,4,15,2,1,2.6,0.47,0,2.412,0.658,N
2.87,820,3,15,1,3,3,-0.13,0,2.568,0.302,G
3.42,1280,2,12,,,4,-0.58,0,4,-0.58,N
2.46,780,4,13,2,0,0.444,2.016,0,0.833,1.627,N
3.9,1550,1,14,5,3,3.357,0.543,1,3.419,0.481,G
2.59,860,1,14,2,2,1.643,0.947,0,2.014,0.576,N
2.9,1050,4,15,3,0,0.417,2.483,0,0.417,2.483,N
3.25,1320,1,14,4,4,2.929,0.321,0,2.723,0.527,G
3.01,1120,0,17,4,1,1.643,1.367,0,2.441,0.569,G
3.68,1270,3,16,4,4,3.813,-0.133,1,3.241,0.439,G
3,1090,3,16,4,3,2.875,0.125,1,2.875,0.125,N
3.01,1150,0,16,4,4,3.125,-0.115,0,2.766,0.244,N
2.88,930,0,16,1,4,2.563,0.317,0,2.69,0.19,N
3.58,1080,1,16,2,1,1.933,1.647,0,1.852,1.728,N
2.81,1090,0,16,4,1,2.313,0.497,0,2.919,-0.109,G
3.83,1300,0,16,4,3,2.846,0.984,0,2.846,0.984,N
3.52,890,3,12,,,3.333,0.187,1,3.137,0.383,N
3.7,1390,3,14,4,2,3,0.7,0,2,1.7,G
2.89,1110,2,17,4,3,2.286,0.604,0,2.361,0.529,N
2.3,690,2,14,1,0,0.214,2.086,0,0.214,2.086,N
3.8,1300,0,16,4,3,2.5,1.3,0,3.033,0.767,G
2.95,980,0,12,,,3,-0.05,1,2.742,0.208,G
3.3,1250,3,14,4,0,2.8,0.5,0,2.918,0.382,N
3.63,1290,4,16,4,3,3,0.63,1,3.079,0.551,N
3.28,1220,0,16,4,4,2.813,0.467,0,2.627,0.653,G
3.15,920,0,17,,,2.571,0.579,0,1.64,1.51,N
3.85,1060,4,17,4,4,3.706,0.144,1,2.76,1.09,G
3.81,1220,1,16,4,4,3.077,0.733,0,3.077,0.733,N
2.5,1130,2,14,,,1.429,1.071,1,1.429,1.071,N
3.68,1220,3,12,4,1,2.417,1.263,0,3.095,0.585,N
2.65,930,0,17,1,0,0.529,2.121,0,0.529,2.121,N
3.28,1000,0,13,1,4,3.077,0.203,0,3.024,0.256,G
3.14,950,4,16,4,1,2.313,0.827,0,3.036,0.104,G
3.1,1070,1,15,1,3,2.267,0.833,1,1.735,1.365,N
2.97,1090,1,16,1,0,1.533,1.437,0,1.533,1.437,N
2.91,1090,1,16,4,2,2.563,0.347,0,2.922,-0.012,N
3.7,1100,3,15,4,2,3,0.7,0,2.4,1.3,N
2.7,730,1,14,2,0,1.214,1.486,1,0.962,1.738,N
3,980,3,14,2,1,2.929,0.071,0,3.295,-0.295,G
3.93,1380,0,15,4,4,3.714,0.216,1,3.469,0.461,G
4,1340,2,16,4,4,4,0,0,3.87,0.13,G
2.8,860,4,16,1,2,1.8,1,1,2,0.8,N
2.98,860,0,16,1,1,1.533,1.447,0,2.32,0.66,G
3.37,870,4,17,4,1,1.6,1.77,1,1.6,1.77,N
3,1010,2,14,2,0,1,2,0,2.33,0.67,G
3.58,1370,0,17,4,3,3.176,0.404,1,3.16,0.42,G
3.38,1020,0,16,1,3,2.467,0.913,1,2.743,0.637,G
2,900,0,13,2,3,1.75,0.25,1,2.313,-0.313,G
3.71,1120,4,16,2,4,3.813,-0.103,0,3.862,-0.152,G
3.63,960,4,15,4,3,3,0.63,0,2.779,0.851,G
4,1130,2,15,,,3.8,0.2,0,3.938,0.062,G
3.4,930,3,17,4,2,1.706,1.694,1,2.684,0.716,G
2.7,1090,3,16,1,2,3,-0.3,1,3.108,-0.408,G
3.7,1110,2,15,4,4,3.6,0.1,0,3.485,0.215,G
3.57,1070,4,16,2,3,3.188,0.382,1,3.453,0.117,G
3.04,1140,3,15,4,2,2.6,0.44,0,2.559,0.481,N
3.52,1230,3,15,2,3,3.429,0.091,0,3.084,0.436,G
3.96,1290,2,15,2,4,4,-0.04,1,4,-0.04,G
3.48,1110,4,16,2,3,3.067,0.413,0,3.403,0.077,G
2.75,1400,0,16,4,2,1.154,1.596,1,1.154,1.596,N
3.72,1270,4,16,4,4,3.5,0.22,0,2.99,0.73,G
3.5,1180,2,16,1,3,2.688,0.812,0,3.37,0.13,G
3.35,1160,4,13,4,0,1.231,2.119,0,2.551,0.799,G
3.08,760,2,17,2,3,3.313,-0.233,0,3.313,-0.233,N
3.06,1010,2,15,,,2.8,0.26,0, ,3.06,N
3.57,1320,0,16,4,2,3.063,0.507,0,3.063,0.507,N
2.71,860,2,15,4,0,0.167,2.543,0, ,2.71,N
3.3,990,0,16,1,2,3.067,0.233,1,3.034,0.266,G
3.65,1310,4,16,,,3.467,0.183,1, ,3.65,N
3.38,1070,3,16,2,0,1.933,1.447,0,2.26,1.12,G
3.28,1300,4,16,4,3,3.188,0.092,0,3.245,0.035,N
2.82,810,2,16,1,0,0,2.82,0, ,2.82,N
3.6,1130,3,16,1,3,3.563,0.037,0,2.436,1.164,N
2.97,1220,4,16,,,0.833,2.137,0, ,2.97,N
4,1160,0,16,4,4,3.813,0.187,0,3.6,0.4,G
3.47,970,0,15,2,2,2,1.47,0,2.236,1.234,G
3.4,1020,0,16,2,3,3.2,0.2,1,3.2,0.2,N
2.7,1100,3,15,2,1,1.933,0.767,1,2.602,0.098,G
3,1050,3,16,4,2,2.563,0.437,0,2.543,0.457,G
3.55,1170,4,16,4,3,3.375,0.175,0,3.192,0.358,G
3.41,1120,0,16,1,3,3.375,0.035,0,3.796,-0.386,G
2.88,1120,0,16,2,3,3,-0.12,1,3.633,-0.753,G
2.44,820,0,16,2,0,1.375,1.065,0,1.375,1.065,N
2.78,1050,1,15,2,0,1.6,1.18,0,2.509,0.271,G
2.3,840,0,14,2,0,2.5,-0.2,0,2.5,-0.2,N
3.47,1130,0,16,2,4,3.267,0.203,1,3.606,-0.136,G
2.56,930,0,12,2,0,0,2.56,1,2.52,0.04,G
3.86,1240,4,15,4,3,3.533,0.327,0,3.095,0.765,G
3.05,980,1,17,2,3,3.471,-0.421,1,3.62,-0.57,G
3.4,1180,3,15,2,3,3.6,-0.2,1,3.385,0.015,G
3.47,930,0,17,1,2,2.706,0.764,0,2.45,1.02,G
3.08,1200,0,15,3,1,1.4,1.68,1,2.196,0.884,N
3.95,1380,4,16,4,4,4,-0.05,1,3.842,0.108,G
3.9,910,1,15,4,4,3.4,0.5,0,3.271,0.629,G
4,1260,3,13,4,4,3.385,0.615,0,3.148,0.852,G
3.3,990,1,17,4,0,1.286,2.014,1,1.286,2.014,N
3.27,1050,0,16,2,2,3.063,0.207,0,3.434,-0.164,G
3,1170,0,16,2,3,2.667,0.333,1,3.48,-0.48,G
3.76,1260,3,16,2,4,4,-0.24,0, ,3.76,N
3.14,1110,3,16,2,2,2.733,0.407,0,2.561,0.579,N
3.3,1170,4,16,4,1,1.063,2.237,0,2.318,0.982,N
3.55,1280,4,16,4,4,3.813,-0.263,0,3.813,-0.263,N
3,1260,2,16,4,1,1.231,1.769,0,3.186,-0.186,G
2.7,1010,3,17,2,2,2.941,-0.241,0,2.702,-0.002,N
3.25,1040,0,16,2,0,2.125,1.125,0,2.125,1.125,N
3.26,810,0,17,2,0,2.571,0.689,0,3.01,0.25,G
3.73,1350,3,16,4,3,3.125,0.605,1,2.563,1.167,N
2.98,1060,0,17,4,3,2.824,0.156,1,2,0.98,G
2.34,920,3,15,1,2,1.714,0.626,1,2.732,-0.392,G
3.64,1190,4,17,,,3.118,0.522,0,3.635,0.005,G
3.28,1080,4,15,2,3,3.286,-0.006,0,3.471,-0.191,G
3.64,970,0,17,4,1,2.588,1.052,1,2.856,0.784,N
3,1180,3,16,2,3,3.133,-0.133,0, ,3,N
3.42,1130,3,16,4,2,2.375,1.045,0,2.412,1.008,G
2.75,1110,3,17,2,1,1.688,1.062,1,2.05,0.7,N
3.66,1190,0,16,2,4,3.125,0.535,0,3.347,0.313,G
3.37,1020,4,17,3,1,1.462,1.908,0,1.462,1.908,N
2.7,960,0,16,4,1,2.5,0.2,0,2.984,-0.284,G
3.1,1050,1,12,,,3.25,-0.15,0,3.306,-0.206,N
4,1260,0,16,4,2,2.923,1.077,0,3.683,0.317,G
3.94,980,4,16,2,3,2.385,1.555,0, ,3.94,N
3.95,1360,2,16,4,4,4,-0.05,0,4,-0.05,G
3.3,1160,4,16,,,2.875,0.425,0,3.104,0.196,G
4,1380,2,16,4,4,4,0,1,3.894,0.106,G
2.7,990,4,15,1,3,1.733,0.967,0, ,2.7,N
2.57,1080,1,16,2,0,2.583,-0.013,1,2.292,0.278,N
3.37,1190,4,16,4,3,2.625,0.745,0,2.813,0.557,G
2.75,1040,1,16,1,2,2.154,0.596,0,2.364,0.386,G
3.21,1110,0,17,1,0,2,1.21,1,3,0.21,G
3.55,1140,2,17,1,3,2.882,0.668,0,4,-0.45,N
3.03,860,0,16,,,2.231,0.799,0,2.76,0.27,G
3.11,950,3,14,2,1,2.357,0.753,0,2.197,0.913,N
3.02,1200,4,14,1,1,1.308,1.712,0,1.308,1.712,N
2,1190,3,13,2,0,0.692,1.308,0,0.692,1.308,N
3.66,1270,2,17,4,3,2.529,1.131,0,2.733,0.927,G
3.55,1340,4,16,4,3,3.063,0.487,0,3.06,0.49,G
3.23,1030,4,16,2,2,3.063,0.167,0,3.217,0.013,N
3.6,980,4,15,4,3,2.2,1.4,0,2.881,0.719,G
3.85,1240,3,16,5,3,3.375,0.475,1,3.102,0.748,G
3.13,1170,2,12,,,3,0.13,0,2.551,0.579,G
2.9,850,3,17,1,3,2.706,0.194,1,2.582,0.318,G
3.96,1100,4,12,,,3.833,0.127,0,3.694,0.266,N
3.3,1170,2,16,2,4,3.625,-0.325,1,2.851,0.449,G
3.99,1400,4,17,4,3,2.917,1.073,1,2.917,1.073,N
3.744,1120,1,16,1,3,3.625,0.119,0,3.641,0.103,G
3,760,0,15,1,4,3.4,-0.4,0,3.315,-0.315,G
3.97,1190,1,16,2,3,3.769,0.201,0,3.769,0.201,N
3.92,1490,4,16,4,3,3.563,0.357,1,3.714,0.206,G
3.13,880,1,16,2,1,2.563,0.567,0,2.203,0.927,N
3.7,1280,0,17,4,3,3.353,0.347,1,3.26,0.44,G
2.7,810,3,17,2,1,1.75,0.95,0,2.887,-0.187,G
3.41,1100,4,17,4,4,3.588,-0.178,0,3.548,-0.138,G
3.16,1180,1,12,,,2.417,0.743,1,2.982,0.178,G
3.51,850,3,15,2,2,3.2,0.31,1,3.544,-0.034,G
2.9,1150,0,16,2,3,3.267,-0.367,0,3.017,-0.117,G
3.81,1050,3,16,4,0,0,3.81,0, ,3.81,N
3.29,1420,4,16,4,0,0.615,2.675,0,4,-0.71,N
4,1400,0,13,2,4,4,0,0,4,0,G
3.09,910,4,17,1,3,2.375,0.715,0,1.98,1.11,G
3.48,1020,2,15,2,2,2.857,0.623,0,3.01,0.47,G
3.32,1040,2,13,3,0,1.385,1.935,1,1.815,1.505,N
3.67,1060,3,16,4,3,1.875,1.795,0,2.31,1.36,N
3.82,1220,4,15,,,4,-0.18,0,3.824,-0.004,G
3,1180,0,16,4,2,2.063,0.937,1,2.619,0.381,G
2.27,890,2,16,1,3,2.533,-0.263,0,2.235,0.035,G
2.75,1110,3,14,2,4,3.231,-0.481,0,3.282,-0.532,G
3.3,1340,1,16,4,3,3.188,0.112,0,2.631,0.669,G
2.7,1080,3,16,4,4,3.769,-1.069,1,3.325,-0.625,N
3.9,1430,3,16,4,4,3.438,0.462,0,3.557,0.343,G
3.56,1240,3,15,4,4,3.667,-0.107,1,3.137,0.423,G
3.86,1040,0,16,2,3,3.267,0.593,0,3.461,0.399,G
3.47,1080,4,15,2,3,2.714,0.756,0,3.171,0.299,G
2.47,830,3,12,,,2.5,-0.03,0,2.75,-0.28,N
3.27,1350,4,16,,,3.25,0.02,1,3.612,-0.342,G
2.82,1230,0,16,4,3,3.188,-0.368,0,3.651,-0.831,G
3.22,1180,0,16,2,3,3.267,-0.047,1,3.63,-0.41,N
3.85,1280,3,16,4,3,2.923,0.927,0,2.887,0.963,G
2.67,800,1,17,3,2,2.765,-0.095,0,1.844,0.826,N
4,1280,4,17,4,3,3.353,0.647,0,3.371,0.629,G
3.98,1180,1,16,4,3,2.813,1.167,1,2.987,0.993,G
3.73,1350,2,17,4,2,2.571,1.159,0,2.571,1.159,N
3.84,910,4,15,3,2,3.2,0.64,0,2.466,1.374,G
3.3,1130,3,12,1,4,3.583,-0.283,0,2.92,0.38,G
2.89,1270,4,16,2,3,2.6,0.29,0,3.375,-0.485,G
3.97,1360,0,16,4,4,4,-0.03,0,3.777,0.193,G
3.75,1180,2,16,4,3,3.188,0.562,0,3.269,0.481,G
3,1180,0,16,4,0,1.625,1.375,0,2.114,0.886,N
2.42,1110,3,16,1,0,0.933,1.487,0,0.933,1.487,N
3.13,1070,4,15,2,2,2.357,0.773,1,2.308,0.822,N
3.91,1250,4,16,3,3,3,0.91,1,2.564,1.346,G
2.73,850,4,14,1,2,2.846,-0.116,0,2.49,0.24,N
2.7,1080,3,12,,,2.583,0.117,1,2.081,0.619,N
3.17,1040,3,15,1,2,2.583,0.587,0, ,3.17,N
3.77,1450,1,16,4,3,3.563,0.207,0,3.563,0.207,N
2.7,1170,1,16,2,3,3,-0.3,0,3.27,-0.57,G
3.9,1430,1,16,,,4,-0.1,1,4,-0.1,G
2.98,950,4,12,,,1,1.98,0, ,2.98,N
3.19,1100,1,14,2,0,2.917,0.273,1,3.048,0.142,G
3.74,1360,0,16,4,3,3.125,0.615,1,3.349,0.391,G
2.98,1030,2,16,2,2,2,0.98,0,2.51,0.47,N
3,1230,0,16,4,3,2.875,0.125,1,2.056,0.944,N
4,1420,3,17,4,4,4,0,1,3.934,0.066,G
3.26,920,3,12,,,2.417,0.843,0,2.021,1.239,N
2.66,810,4,15,1,1,1.8,0.86,0,1.929,0.731,N
3.69,1030,3,15,3,3,3.533,0.157,0,3.533,0.157,N
3.11,1230,4,16,4,2,2.692,0.418,1,2,1.11,N
2.35,1100,0,14,2,0,1,1.35,0,1,1.35,N
3.22,1160,4,16,1,3,2,1.22,1,2.675,0.545,G
3.7,1020,2,16,1,4,4,-0.3,0,4,-0.3,N
3.43,1340,1,16,4,3,3.375,0.055,0,2.906,0.524,G
3.7,1090,1,14,2,4,4,-0.3,0,4,-0.3,N
2.68,1080,0,16,2,2,3.063,-0.383,0,2.676,0.004,G
3.31,1100,0,16,2,1,2.467,0.843,1,2.833,0.477,G
2.47,1020,2,13,1,1,1.75,0.72,1, ,2.47,N
2.87,810,3,17,1,0,1.875,0.995,1,2.25,0.62,G
3.23,1180,2,15,1,4,3.8,-0.57,1,2.732,0.498,G
3.08,1180,4,16,2,4,3.133,-0.053,0,3.194,-0.114,G
3.68,1100,0,16,3,4,3.25,0.43,0,3.082,0.598,G
2.94,1080,3,16,2,0,1.438,1.502,0,2.821,0.119,G
2.78,790,3,12,1,1,2.364,0.416,0,3.113,-0.333,N
3.93,1260,4,15,4,4,3.6,0.33,1,3.09,0.84,G
2.74,940,0,16,2,1,2.133,0.607,0,2.759,-0.019,G
3.74,1040,3,16,,,3.813,-0.073,0,3.895,-0.155,G
3.7,1130,4,16,1,4,3.067,0.633,0,3.168,0.532,G
3.3,1180,3,16,4,2,1.538,1.762,0,2.93,0.37,N
3.81,1270,1,16,4,3,3.563,0.247,0,3.042,0.768,G
3.14,1040,1,16,2,3,2.538,0.602,0,2.538,0.602,N
3.89,1400,0,14,4,4,4,-0.11,0,4,-0.11,G
4,1240,2,14,4,4,3.786,0.214,0,3.769,0.231,G
2.93,1500,4,15,3,4,3.267,-0.337,0,3.267,-0.337,N
3.81,1280,3,16,4,0,2.077,1.733,1,2.562,1.248,G
3.7,1190,1,16,,,2.867,0.833,1,3.301,0.399,G
2.3,1030,4,15,2,3,2.4,-0.1,1,2.258,0.042,G
2.76,830,1,17,1,3,1.714,1.046,1,2.858,-0.098,G
3.11,1440,3,16,4,4,2.462,0.648,0,2.833,0.277,N
3.02,1170,3,16,4,2,2.231,0.789,0,2.6,0.42,G
2.68,840,0,15,2,0,1.75,0.93,0,2,0.68,N
3.7,1270,0,15,2,4,2.6,1.1,0,2.587,1.113,G
3.17,1330,3,16,4,4,3.063,0.107,1,3.551,-0.381,N
3.32,1000,4,16,4,3,3.188,0.132,1,3.073,0.247,G
3,970,4,12,,,1.75,1.25,1,2.262,0.738,N
4,1370,0,16,,,4,0,0,4,0,G
3.98,1340,0,16,2,2,3.267,0.713,0,3.267,0.713,N
3.38,1240,3,15,4,0,0,3.38,0, ,3.38,N
2.82,1130,2,16,2,1,3,-0.18,1,3,-0.18,N
3.9,1320,3,16,4,3,2.688,1.212,0,2.962,0.938,G
3.82,1170,1,16,4,3,3.188,0.632,0,3.188,0.632,N
3.32,1030,0,14,1,2,1.929,1.391,0,1.929,1.391,N
2.88,1090,2,15,,,1.909,0.971,0,1.909,0.971,N
3.65,1200,1,16,4,4,3.688,-0.038,0,3.902,-0.252,G
3.45,1160,3,16,4,1,2.412,1.038,0,2.708,0.742,N
3.97,1320,2,17,4,1,2.714,1.256,1,3.649,0.321,G
2.78,1010,3,17,,,0.615,2.165,0, ,2.78,N
1.91,910,2,16,1,2,1.8,0.11,0,1.963,-0.053,N
3.65,1120,4,15,2,2,2.667,0.983,0,2.667,0.983,N
3.63,1040,3,17,4,0,1.118,2.512,1, ,3.63,N
2.42,1190,3,15,1,4,3.067,-0.647,0,2.833,-0.413,N
2.55,940,3,16,1,2,2.813,-0.263,1,1.82,0.73,N
3.94,1130,4,16,4,4,4,-0.06,0,3.838,0.102,G
2.8,880,4,16,1,2,2.667,0.133,0,2.667,0.133,N
2.8,1010,2,16,1,0,1.333,1.467,1,1.524,1.276,N
2.15,960,0,16,1,0,1.867,0.283,0,2.36,-0.21,N
3.12,880,4,17,2,2,3.118,0.002,1,3.472,-0.352,G
3.36,1260,4,16,4,4,3.5,-0.14,0,3,0.36,G
2.96,940,3,17,2,2,1.588,1.372,0,2.431,0.529,G
3.66,1180,3,16,2,3,3.188,0.472,0, ,3.66,N
3.5,1410,2,14,4,2,3.214,0.286,0,2.815,0.685,G
3,770,1,15,1,1,2.133,0.867,1,2.133,0.867,N
3.7,850,3,16,1,2,2.867,0.833,1,2.973,0.727,G
3.21,1110,4,14,4,3,3.429,-0.219,0,2.946,0.264,G
3.91,1420,0,15,5,3,3.733,0.177,0,3.413,0.497,G
3.77,1160,4,14,2,4,2.923,0.847,0,3.356,0.414,G
2.78,1050,0,16,4,3,2.25,0.53,1,3.366,-0.586,G
3.7,1330,0,16,2,4,4,-0.3,1,3.847,-0.147,G
3.22,900,0,17,2,1,2.765,0.455,0,3.156,0.064,G
3.8,1430,0,17,4,4,4,-0.2,1,3.484,0.316,G
3.96,1120,0,16,4,4,3.813,0.147,0,3.97,-0.01,G
3.67,1270,4,16,4,1,3.25,0.42,1,3.134,0.536,G
2.5,950,0,15,4,0,0,2.5,0,3.167,-0.667,N
3.51,1160,3,17,1,2,3.118,0.392,0,3.073,0.437,G
3.06,1010,4,12,,,1.333,1.727,1, ,3.06,N
3.17,1200,3,17,,,3.647,-0.477,0,3.595,-0.425,G
4,1290,4,16,4,4,3.438,0.562,1,3.1,0.9,G
2.88,900,4,15,4,1,1.917,0.963,1,1.917,0.963,N
3.95,1280,0,16,2,4,3.813,0.137,0,3.934,0.016,G
2.6,900,4,14,1,2,2.846,-0.246,1,2.15,0.45,G
4,1110,2,16,4,3,3.75,0.25,1,3.471,0.529,G
3.16,1080,0,15,2,2,3.6,-0.44,0,3.037,0.123,G
2.89,1180,0,14,4,0,1.214,1.676,0,1.444,1.446,N
3.6,1230,3,17,2,1,2,1.6,1,2.319,1.281,G
3.41,1320,0,16,4,1,2.188,1.222,0,2.789,0.621,G
3.8,1230,3,16,4,4,3.438,0.362,1,3.204,0.596,N
2.7,1130,4,15,3,1,1.333,1.367,0, ,2.7,N
3.73,1100,4,15,4,3,3.133,0.597,0,2.974,0.756,G
3.65,1160,3,16,2,2,2.938,0.712,0,3.325,0.325,G
2.18,960,4,13,1,0,0.846,1.334,0,0.846,1.334,N
3.5,1080,1,15,4,2,2.467,1.033,0, ,3.5,N
3.85,1200,0,16,2,3,3.8,0.05,0,3.807,0.043,G
2.8,1180,4,16,4,2,2.75,0.05,0,2.6,0.2,G
3.27,990,3,16,2,2,3.063,0.207,0,3.242,0.028,G
3.25,990,4,16,1,2,3.4,-0.15,0,3.694,-0.444,G
3.18,1210,4,16,2,4,3.067,0.113,0, ,3.18,N
3.95,1210,1,15,4,0,2.083,1.867,1, ,3.95,N
3.11,980,2,14,2,3,3.357,-0.247,0,3.105,0.005,G
3.5,940,3,12,,,2.333,1.167,0,2.222,1.278,N
4,1240,4,16,,,3.625,0.375,0,3.929,0.071,G
3,1210,4,16,2,3,3.067,-0.067,0,2.765,0.235,G
3.45,980,2,16,2,2,2.467,0.983,1,3.358,0.092,G
3.07,960,3,16,2,0,2.667,0.403,0,2.491,0.579,G
3.3,1330,4,16,2,4,3.8,-0.5,1,3.901,-0.601,G
3.45,1120,0,16,4,2,2.188,1.262,0,2.308,1.142,N
3.88,1220,3,15,3,1,3.133,0.747,0,3.133,0.747,N
3,1360,4,14,2,4,3.385,-0.385,1,2.807,0.193,N
3.64,1170,1,13,4,3,2.615,1.025,0,2.783,0.857,G
3.56,1150,1,16,4,4,3.813,-0.253,1,2.21,1.35,N
2.95,1030,1,17,2,0,1.214,1.736,0,1.214,1.736,N
2.8,1020,1,16,3,4,2.813,-0.013,1,1.929,0.871,N
3.7,1220,4,16,4,4,3.813,-0.113,0,3.866,-0.166,G
2.65,990,4,16,,,2.833,-0.183,0, ,2.65,N
2.94,1070,1,16,4,2,2.188,0.752,0,2.626,0.314,G
2.51,1060,3,14,1,0,0.214,2.296,0, ,2.51,N
3.8,910,4,13,2,2,2.833,0.967,0,3.025,0.775,G
2.07,870,0,12,,,2,0.07,0,2.233,-0.163,G
3.17,1060,1,15,4,2,2.667,0.503,0,3.381,-0.211,G
3.7,1160,1,16,4,2,2.375,1.325,0,2.481,1.219,G
2.62,1040,4,16,1,2,3.2,-0.58,1,3.099,-0.479,N
3.02,1140,4,16,1,1,1.533,1.487,0, ,3.02,N
2.49,940,0,16,2,1,1.133,1.357,1,2.566,-0.076,G
2.3,930,4,12,,,2.5,-0.2,0,2.5,-0.2,N
3.7,860,3,14,2,3,2.714,0.986,1,2.69,1.01,G
2.69,870,3,17,1,2,2.077,0.613,1,3.045,-0.355,G
4,1300,3,14,4,3,3.714,0.286,0,3.11,0.89,G
3.77,980,4,17,4,4,3.714,0.056,0,3.275,0.495,G
3.7,1300,4,16,4,4,3.563,0.137,0,2.625,1.075,N
2.79,1090,0,14,2,0,0.5,2.29,0, ,2.79,N
3.52,1130,0,16,2,3,3.25,0.27,1,3.25,0.27,N
2.55,1010,4,16,1,3,1.417,1.133,0,1.93,0.62,N
3.94,1040,0,17,3,2,2.647,1.293,0,3.327,0.613,G
2.71,1070,4,17,4,2,2.176,0.534,1,2.267,0.443,N
3.07,1280,3,15,4,3,2.267,0.803,0,2.415,0.655,G
3.78,1140,2,15,2,1,2.357,1.423,0,2.321,1.459,G
3.01,950,0,16,1,3,2.467,0.543,0,2,1.01,N
2.86,1080,0,16,4,0,0.75,2.11,0,0.75,2.11,N
3,1220,4,17,2,2,2.706,0.294,0,3.212,-0.212,G
2.71,960,4,17,4,0,0.882,1.828,1,0.882,1.828,N
3.71,1140,4,16,4,4,3.813,-0.103,0,3.677,0.033,G
3.42,990,3,16,3,4,2.875,0.545,0,3.121,0.299,G
2.59,920,0,13,4,0,1.615,0.975,0,1.615,0.975,N
3,1200,3,16,4,3,3.188,-0.188,0,2.933,0.067,G
3.69,1140,3,15,4,3,2.733,0.957,0,3.35,0.34,G
3.11,800,3,15,2,0,0.429,2.681,0,0.75,2.36,N
3.34,970,4,15,3,2,2.5,0.84,0,2.737,0.603,G
2.91,1200,4,14,4,0,0.214,2.696,1,1,1.91,N
3.05,1200,4,16,4,0,0.375,2.675,0,0.5,2.55,N
2.92,1130,2,16,4,0,1.692,1.228,0,1.962,0.958,N
3.43,1220,4,16,2,4,3.467,-0.037,0,3.755,-0.325,G
3.9,1300,0,14,4,2,2.357,1.543,0,2.019,1.881,N
3.24,1300,3,16,4,3,2.438,0.802,0,2.438,0.802,N
3.42,1160,4,16,4,3,3,0.42,0,2.86,0.56,G
3.44,1380,0,15,4,0,1.308,2.132,0,1.69,1.75,N
2.77,770,4,14,1,0,1.769,1.001,0,2.204,0.566,N
3.75,1270,2,17,4,3,2.647,1.103,0,3.311,0.439,G
3,860,4,16,1,2,3.067,-0.067,0,3.233,-0.233,N
3.43,1320,3,18,2,3,3.167,0.263,0,3.712,-0.282,G
3.73,930,0,15,4,1,2.4,1.33,1,2.421,1.309,N
3.84,1200,2,16,4,4,4,-0.16,0,3.707,0.133,G
3.48,960,4,17,2,0,1.375,2.105,1,2,1.48,N
2.7,940,1,17,4,2,1.706,0.994,0,2.593,0.107,N
3.74,1260,4,16,2,1,2.8,0.94,0,2.778,0.962,N
2.43,960,4,16,1,0,0.8,1.63,0,0.8,1.63,N
3.68,1280,2,16,2,3,3.625,0.055,0,3.663,0.017,G
2.75,930,2,15,1,3,2.4,0.35,0,2,0.75,N
3.87,1200,1,16,2,4,4,-0.13,0,3.89,-0.02,G
3,890,4,16,1,3,2.133,0.867,1, ,3,N
2.77,950,0,16,4,1,2.364,0.406,0, ,2.77,N
2.9,860,0,17,1,1,1.938,0.962,0,1.938,0.962,N
3.41,1010,0,17,1,3,3.313,0.097,0,3.019,0.391,G
3.33,830,0,14,1,3,2.538,0.792,0,2.538,0.792,N
2.79,1120,4,15,2,1,2.429,0.361,0,2.927,-0.137,G
2.7,1000,4,16,2,1,2.133,0.567,1,3.203,-0.503,G
2.55,1000,3,14,4,0,0.769,1.781,0,1.294,1.256,N
3.21,1260,0,16,4,2,2.188,1.022,0, ,3.21,N
3.9,1350,3,16,4,3,3.75,0.15,0,3.83,0.07,G
2.42,1060,0,16,4,3,3.438,-1.018,0,2.79,-0.37,N
3.21,1220,0,16,1,0,1.267,1.943,1,2.867,0.343,G
3.83,1300,4,16,4,3,3.375,0.455,0,3.236,0.594,G
2.35,1240,2,16,2,3,2.25,0.1,0,2.25,0.1,N
3.7,1110,3,16,3,4,3.5,0.2,0,3.184,0.516,N
2.38,750,0,15,1,2,1.357,1.023,1,1.895,0.485,N
3.02,1260,4,17,2,0,3.063,-0.043,0,3.063,-0.043,N
3.4,780,1,17,,,2.692,0.708,1,3.018,0.382,G
3.38,1090,4,16,4,3,3.063,0.317,0,2.903,0.477,G
3.52,1180,0,17,4,1,2.353,1.167,1,2.85,0.67,G
3.05,1220,2,16,4,1,2.313,0.737,0,3.049,0.001,G
3.3,1090,3,14,3,3,2.429,0.871,1,2.429,0.871,N
2.86,1090,3,16,4,0,2.615,0.245,1,2.783,0.077,G
3.42,960,3,17,1,1,2.412,1.008,0,3.086,0.334,G
3.88,1170,2,16,2,3,3,0.88,0, ,3.88,N
3.7,880,0,17,3,3,3.588,0.112,0,3.125,0.575,G
3.45,1040,0,15,4,1,2.583,0.867,0,2.03,1.42,N
3.97,1370,4,15,4,4,4,-0.03,1,3.726,0.244,G
3.83,1320,3,16,4,3,3.563,0.267,0,3.607,0.223,G
4,1080,0,13,4,0,3.769,0.231,0,3.877,0.123,G
2.89,1140,0,17,4,2,2.647,0.243,1, ,2.89,N
4,1140,4,15,2,4,3.286,0.714,0, ,4,N
3.39,980,2,16,1,3,2.333,1.057,1, ,3.39,N
2.88,930,0,14,1,2,2.846,0.034,0,2.55,0.33,N
3.36,1120,0,17,2,2,2.941,0.419,0,3.261,0.099,G
3.1,1080,4,16,2,0,3,0.1,1,3,0.1,N
2.81,1040,4,16,2,1,1.938,0.872,0,2.776,0.034,G
3.44,1290,0,17,,,3.615,-0.175,0,3.663,-0.223,G
4,1380,4,16,4,4,3.813,0.187,0,3.885,0.115,G
3.09,1140,0,15,2,1,1.917,1.173,1,2.362,0.728,G
2.8,1180,1,17,4,0,1.923,0.877,0,1.8,1,N
3.83,1170,3,17,4,4,3.176,0.654,0,3.45,0.38,G
2.7,1020,4,16,1,2,2.867,-0.167,0,2.867,-0.167,N
3.3,980,1,17,2,1,2.429,0.871,0,2.429,0.871,N
3.71,1210,3,16,2,3,3.438,0.272,1,3.533,0.177,N
3.93,1320,4,16,4,4,3.813,0.117,1,3.708,0.222,G
3.3,1100,0,17,2,0,2,1.3,0,2.69,0.61,G
3.15,1070,0,16,2,2,2.667,0.483,0,3,0.15,G
3.51,1280,0,16,4,4,3.5,0.01,0,3.773,-0.263,G
2.24,1100,4,15,4,4,3.667,-1.427,0,2.786,-0.546,N
2.37,850,4,16,1,0,0.667,1.703,0,0.667,1.703,N
3.41,1130,4,17,4,3,3.059,0.351,1,3.223,0.187,G
2.75,1080,0,16,2,3,3,-0.25,0, ,2.75,N
2.628,1160,4,12,,,4,-1.372,0,4,-1.372,N
3.36,1150,4,17,2,1,1.875,1.485,0,1.875,1.485,N
3.73,1070,0,16,1,3,3.438,0.292,0,3.457,0.273,G
3.25,1020,0,16,2,0,0,3.25,0,3.53,-0.28,G
2.7,850,4,16,,,1.833,0.867,0,1.619,1.081,N
2.67,920,3,17,1,0,1.063,1.607,1,1.063,1.607,N
3.7,1240,0,15,4,3,3,0.7,1,2.567,1.133,G
2.7,1220,3,14,4,0,0.3,2.4,0, ,2.7,N
3.36,860,0,12,,,2,1.36,0,2.127,1.233,N
3.89,1070,2,16,2,4,4,-0.11,0,4,-0.11,G
3.52,860,3,15,1,3,2.4,1.12,1,2.4,1.12,N
3.7,1170,3,16,4,3,3.077,0.623,0,3.222,0.478,G
2.93,1020,4,16,1,1,1.333,1.597,1,1.381,1.549,N
3.46,950,3,16,2,3,2.625,0.835,0,2.268,1.192,N
2.7,770,0,12,,,2.333,0.367,1,2.333,0.367,N
3.37,1060,0,16,4,2,2.563,0.807,0,3.405,-0.035,G
4,1280,4,16,4,2,2.938,1.062,1,2.759,1.241,N
3.7,1320,0,16,4,4,3.813,-0.113,1,2.26,1.44,N
3.51,1150,0,14,3,2,3,0.51,0,3.522,-0.012,G
3,1100,4,16,2,1,2,1,1,2.116,0.884,G
3.2,1130,0,16,4,1,1.563,1.637,1,1.375,1.825,N
3.7,1240,0,16,4,3,3.563,0.137,0,3.329,0.371,N
3.45,1190,3,16,3,4,3.438,0.012,0,2.847,0.603,N
3.87,910,4,15,2,1,2.643,1.227,1,3.008,0.862,G
3.8,1280,0,17,4,3,3.5,0.3,1,2.717,1.083,N
2.7,1110,1,15,2,2,2.071,0.629,1,2.429,0.271,N
1.94,940,4,17,1,2,0.824,1.116,0,0.824,1.116,N
3.37,1220,4,16,,,0,3.37,0,2.621,0.749,G
3.71,1320,1,15,4,3,2.417,1.293,0,3.162,0.548,G
3.54,1280,0,16,3,4,3.813,-0.273,1,3.811,-0.271,G
3,1140,0,16,4,2,2.385,0.615,1,1.929,1.071,N
3.11,1280,4,13,4,1,2.357,0.753,1,3.164,-0.054,G
3.07,940,2,16,4,2,1.313,1.757,0,1.978,1.092,N
2.43,1430,3,15,4,3,2.133,0.297,0,2.389,0.041,G
2.3,1090,0,16,2,0,2.067,0.233,0,2.355,-0.055,G
2.3,1020,0,17,2,1,1.563,0.737,1,1.563,0.737,N
3.55,1000,0,17,4,1,2.643,0.907,0,2.79,0.76,G
2.83,820,1,15,1,4,4,-1.17,1,3.326,-0.496,G
3.85,1340,0,16,4,2,2.375,1.475,1,2.375,1.475,N
2.59,1180,0,14,1,0,1.692,0.898,0,2.577,0.013,N
3.3,1330,0,16,2,4,4,-0.7,1,3.798,-0.498,G
3.9,1390,4,16,4,4,4,-0.1,1,3.691,0.209,G
2.39,1200,0,16,2,3,2.867,-0.477,0,2.867,-0.477,N
3.76,1020,0,13,3,1,1.923,1.837,0,1.923,1.837,N
2.57,1040,0,16,1,0,0.938,1.632,0,0.938,1.632,N
3.61,1400,3,16,4,4,3.438,0.172,0,2.969,0.641,G
3.25,910,4,13,,,0.667,2.583,1,0.667,2.583,N
3.03,1110,4,16,,,1.667,1.363,0,2.045,0.985,N
2.4,980,0,16,1,2,1.2,1.2,0,2.872,-0.472,G
3.26,1240,1,16,2,2,3.4,-0.14,1,3.495,-0.235,G
3,910,0,15,1,3,2.467,0.533,0,2.39,0.61,G
3.21,990,0,16,4,0,1.692,1.518,0,3.128,0.082,G
3.76,1280,2,15,2,1,2.357,1.403,0,3.417,0.343,G
2.81,1010,0,15,1,3,2.867,-0.057,0,2.45,0.36,N
2.79,1130,3,16,2,2,1.3,1.49,1,2.795,-0.005,G
3.36,1180,0,16,1,1,1.417,1.943,1,1.417,1.943,N
2.9,820,0,16,2,0,2.063,0.837,0,2.063,0.837,N
4,1460,0,17,4,4,3.353,0.647,0,3.838,0.162,G
3.08,990,3,14,1,2,1.846,1.234,0,2.328,0.752,G
3.53,1200,4,16,4,3,2.938,0.592,1,3.275,0.255,G
3.79,1270,3,15,4,3,2.8,0.99,0,3.505,0.285,G
3.26,1140,4,16,2,4,3.333,-0.073,0,3.352,-0.092,G
3.21,1080,4,17,1,1,2.063,1.147,0,2.273,0.937,N
2.7,1110,3,16,2,4,4,-1.3,0,3.681,-0.981,G
3.31,1170,0,16,4,4,3.625,-0.315,0,3.469,-0.159,G
2.89,1120,3,16,3,1,1.938,0.952,1,2.754,0.136,G
3.9,1180,0,17,2,4,3.063,0.837,0,3.412,0.488,G
3.3,1280,3,18,4,0,1.867,1.433,0, ,3.3,N
3.87,1220,4,14,4,4,4,-0.13,0,3.933,-0.063,G
4,1270,3,16,,,3.5,0.5,0,3.5,0.5,N
3.63,1360,0,17,2,3,3,0.63,0,2.578,1.052,N
3.09,1160,0,15,2,0,1.267,1.823,0,2.759,0.331,G
2.7,1050,4,16,,,0.5,2.2,0, ,2.7,N
3.48,1160,3,16,2,4,3.765,-0.285,0,3.832,-0.352,G
3.75,1010,1,17,2,4,3.25,0.5,0,3.25,0.5,G
3.37,980,2,17,2,1,2.438,0.932,0,2.438,0.932,G
3.7,1080,3,14,1,3,2.143,1.557,0,2.218,1.482,N
2.7,1070,2,12,4,0,0,2.7,1, ,2.7,N
3.79,1020,3,16,3,3,3.438,0.352,1,2.973,0.817,G
3.7,1170,1,16,4,2,2.938,0.762,0, ,3.7,N
3.61,1000,4,16,2,4,3.063,0.547,0,3.504,0.106,G
2.7,1260,2,16,,,1.667,1.033,0, ,2.7,N
3.18,1040,1,15,4,1,2.583,0.597,1,3.175,0.005,G
3.31,1440,2,16,,,3.813,-0.503,1,3.862,-0.552,G
2.75,870,2,14,,,2.1,0.65,1, ,2.75,N
3.6,1360,4,17,4,3,3.412,0.188,1,3.252,0.348,G
3.11,1030,0,14,1,2,1.462,1.648,1,1.462,1.648,G
2.83,890,4,16,2,0,1.846,0.984,0,2.433,0.397,G
3.68,1130,4,12,,,3.417,0.263,1,3.636,0.044,G
2.97,1090,1,15,2,1,2.25,0.72,1,1.797,1.173,N
3.1,1140,4,16,1,4,3.375,-0.275,0,3.49,-0.39,N
3.68,1260,4,16,4,3,3.563,0.117,1,3.566,0.114,G
3.2,930,4,16,4,2,2.75,0.45,0,2.92,0.28,G
3.81,1320,4,16,4,4,3.313,0.497,1,3.053,0.757,N
3,1100,3,16,2,2,2.813,0.187,1,3.168,-0.168,G
3.25,1340,4,12,5,0,0.917,2.333,0, ,3.25,N
3.61,1090,3,17,4,4,3.824,-0.214,0,3.816,-0.206,G
3.69,1240,1,16,,,3.6,0.09,1,3.898,-0.208,G
2.8,1050,4,16,4,0,2.125,0.675,1,2.636,0.164,N
2.31,1000,2,16,1,2,1.6,0.71,1, ,2.31,N
2.59,860,1,15,2,0,3,-0.41,0,2.637,-0.047,G
3.03,960,4,15,4,1,0.333,2.697,0,3.167,-0.137,N
3.4,1320,2,17,2,3,3.25,0.15,0,3.63,-0.23,G
3.89,1240,4,17,4,2,2.353,1.537,0,3.388,0.502,G
3.25,1020,2,15,2,1,2.4,0.85,0,2.382,0.868,G
3.02,1000,2,16,4,0,2.308,0.712,0,2.769,0.251,G
3.55,1040,2,15,4,3,2.667,0.883,0,2.685,0.865,G
3.68,1140,1,15,2,3,3.067,0.613,0,3.067,0.613,N
3.7,1050,0,16,4,3,3,0.7,0,2.4,1.3,N
3.7,1260,4,17,4,0,1.5,2.2,0,1.5,2.2,N
3.67,1280,4,16,1,0,0,3.67,0, ,3.67,N
2.41,1230,0,15,4,1,1.333,1.077,1,1.652,0.758,N
3.43,1090,2,16,4,4,3.313,0.117,0,2.77,0.66,N
2.01,1260,0,16,4,0,3,-0.99,0,3,-0.99,N
3.11,1400,4,16,4,1,1.5,1.61,1,1.5,1.61,N
3.86,1200,0,16,,,4,-0.14,0,3.672,0.188,G
3.9,1220,3,16,4,4,3.625,0.275,0,3.847,0.053,G
3.13,1310,3,13,,,2.308,0.822,0,3,0.13,G
3.25,980,4,15,,,2.364,0.886,1,2.596,0.654,G
3.03,1130,2,15,2,1,1.714,1.316,0,1.714,1.316,N
3.76,1450,3,15,5,4,4,-0.24,0,3.986,-0.226,N
3.96,1410,3,16,,,3.8,0.16,1,3.849,0.111,G
3.91,1240,4,16,4,4,3.625,0.285,0,3.463,0.447,G
3.14,960,1,16,3,0,2.833,0.307,1,2.833,0.307,N
3.63,1010,3,15,1,2,2.867,0.763,0,2.956,0.674,G
3.1,1130,0,16,4,0,3.154,-0.054,0,3.243,-0.143,G
3.65,1020,0,16,3,2,2.667,0.983,0,2.704,0.946,G
2.41,1050,0,16,1,0,0.533,1.877,0,1.048,1.362,N
3.8,1360,3,16,4,3,3.75,0.05,0,3.699,0.101,G
3.57,1310,0,16,4,3,2.813,0.757,0,3.067,0.503,G
3.06,910,0,17,1,4,3.438,-0.378,1,3.261,-0.201,G
3.11,920,0,12,,,2.25,0.86,1,2.593,0.517,G
3.17,1060,2,16,4,3,2.625,0.545,0,1.714,1.456,N
2.94,1000,4,16,2,2,1.4,1.54,0,2.761,0.179,G
3.46,1350,3,16,4,4,3.625,-0.165,1,3.3,0.16,G
3.45,1170,0,16,1,1,0.818,2.632,1,3.073,0.377,G
3,720,2,14,2,0,1.231,1.769,1,2.228,0.772,N
3.6,1070,4,16,4,2,2.75,0.85,0,3.019,0.581,G
2.7,400,2,16,1,2,2.813,-0.113,0,2.807,-0.107,G
3.15,1070,3,16,4,3,3.188,-0.038,0,2.362,0.788,N
3.7,1060,2,17,4,3,2.941,0.759,1,2.941,0.759,N
3.38,1200,2,16,4,3,2.938,0.442,1, ,3.38,N
3.79,1130,4,13,2,3,3.538,0.252,0,2.856,0.934,G
3.21,940,4,16,1,1,2.125,1.085,1,2.734,0.476,G
3.66,1290,0,16,4,2,3.154,0.506,0,3.465,0.195,N
2.7,840,2,17,1,2,2.059,0.641,0,2.473,0.227,G
2.07,980,0,12,,,1.333,0.737,0,2.07,0,N
3.98,1320,4,16,4,3,3.375,0.605,1,3.356,0.624,G
3.5,1240,4,16,4,4,3.813,-0.313,0,3.661,-0.161,G
3.8,1400,0,16,2,4,4,-0.2,0, ,3.8,N
3.78,1220,2,16,4,2,2.692,1.088,0,3.15,0.63,N
3.58,1150,3,16,4,3,3.231,0.349,1,3.231,0.349,N
2.78,1010,1,17,2,3,3.188,-0.408,0,3.402,-0.622,G
2.43,950,0,16,1,4,2.4,0.03,0,2.559,-0.129,G
2.75,870,3,14,1,0,1.154,1.596,0,2.217,0.533,G
3.36,930,3,14,,,2,1.36,1,2.883,0.477,G
2.95,1140,1,16,2,1,3,-0.05,0,3.142,-0.192,G
2.6,920,0,13,,,2.778,-0.178,0,3.111,-0.511,G
2.3,920,1,13,1,1,1.75,0.55,1,2.973,-0.673,G
3.46,1140,3,17,4,4,3.6,-0.14,0,3.875,-0.415,G
3.72,1220,4,17,4,3,3.143,0.577,1,3.027,0.693,G
2.57,1360,2,16,4,3,1.846,0.724,0,2.57,0,N
2.94,1130,3,13,2,0,1.385,1.555,0,2.556,0.384,G
2.96,1200,3,16,2,1,2.875,0.085,1,2.252,0.708,N
2.43,1020,4,14,1,3,1.833,0.597,0, ,2.43,N
2.7,920,2,14,2,0,0,2.7,0, ,2.7,N
3.25,960,4,16,1,2,2.467,0.783,0,2.467,0.783,N
3.84,1220,2,17,4,3,3.059,0.781,0,3.06,0.78,G
3.3,1100,0,16,2,2,2.8,0.5,0,3.641,-0.341,G
3.22,1080,1,14,4,2,2.214,1.006,0,2.804,0.416,G
2.6,990,4,15,4,1,1.692,0.908,0,2.081,0.519,G
2.3,1250,3,16,4,2,1.813,0.487,1,2.11,0.19,G
2.82,1160,0,14,4,0,1.357,1.463,0,2.952,-0.132,G
3.94,1280,1,15,2,4,3.2,0.74,0,3.703,0.237,G
3.3,1150,0,15,2,2,2.5,0.8,0,2.333,0.967,N
3.53,1010,3,15,4,4,3.8,-0.27,0,2.927,0.603,G
4,1440,1,16,4,4,3.625,0.375,0,3.717,0.283,G
2.81,1020,1,15,4,3,2.933,-0.123,0,2.872,-0.062,G
3.6,1430,4,17,4,3,3.588,0.012,0,3.474,0.126,G
2.55,1040,0,12,,,3.25,-0.7,0,3.25,-0.7,N
2.9,950,3,14,1,4,3.538,-0.638,1,3.542,-0.642,G
2.76,1100,2,16,2,2,2.333,0.427,0,3.5,-0.74,G
2.7,900,4,16,1,1,0.667,2.033,0,1.833,0.867,N
3,940,3,14,1,2,2.385,0.615,0,2.622,0.378,N
2.68,1080,0,15,1,3,2.75,-0.07,0,2.26,0.42,G
2.96,1110,0,16,4,2,2.75,0.21,0,2.197,0.763,G
3.82,1010,2,16,2,4,3.8,0.02,0,3.886,-0.066,G
3.5,1120,3,16,4,1,2.385,1.115,0,2.387,1.113,N
3.7,1090,0,16,4,3,2.75,0.95,1,2.75,0.95,N
3.24,1080,1,17,4,3,3.235,0.005,0,2.893,0.347,G
3.16,910,3,16,1,4,3.063,0.097,0,2.472,0.688,N
3.14,1080,0,13,2,2,2.75,0.39,0,2.763,0.377,G
3.76,1320,2,16,4,4,4,-0.24,1,3.946,-0.186,G
3.48,1100,4,16,1,2,2.846,0.634,0,2.556,0.924,G
2.89,1130,3,15,4,3,2.867,0.023,0,2,0.89,G
3.3,1140,3,16,1,4,3.6,-0.3,1, ,3.3,N
3.7,1070,4,16,4,3,3.375,0.325,0,2.427,1.273,G
2.83,1070,3,16,4,0,1.313,1.517,0,2.316,0.514,N
3.75,1080,3,16,1,4,3,0.75,0,3.6,0.15,G
2.6,950,4,16,2,3,2.875,-0.275,0,2.988,-0.388,G
3.76,1290,4,16,4,3,2.813,0.947,1,2.464,1.296,N
3.8,1460,2,15,4,3,3.467,0.333,1,3.41,0.39,G
3.72,1330,2,16,2,3,3.375,0.345,0,3.66,0.06,G
3.81,1130,4,16,2,4,3.2,0.61,0,3.115,0.695,G
3.6,1140,1,15,4,4,4,-0.4,0,2.75,0.85,G
2.73,1040,4,15,2,4,3.786,-1.056,0,3.442,-0.712,G
3.24,1100,4,17,4,3,2.857,0.383,0,3.156,0.084,G
2.73,830,2,17,1,0,2.357,0.373,0,2.622,0.108,G
3.3,1080,4,16,,,2.75,0.55,0,2.615,0.685,G
3.03,830,3,16,1,2,2.188,0.842,1,2.45,0.58,G
3.28,1130,3,16,1,3,3.25,0.03,1,3.595,-0.315,G
2.7,1060,0,16,2,1,2.2,0.5,0,2.757,-0.057,G
3.82,1140,4,16,2,4,4,-0.18,0,4,-0.18,N
3.98,1160,4,16,4,4,3.438,0.542,1,3.343,0.637,G
3.9,1100,3,16,4,3,2.625,1.275,0,2.621,1.279,G
2.68,1180,1,15,2,0,1.714,0.966,1,2.556,0.124,N
3.8,1270,0,16,4,4,3.688,0.112,1,3.712,0.088,G
3.7,1360,4,16,4,2,2.938,0.762,0,3.091,0.609,G
3.46,1140,3,15,2,2,3,0.46,1,2.791,0.669,G
3.15,1180,4,16,2,0,3.333,-0.183,0,3.555,-0.405,G
3.47,1280,4,16,4,3,2.923,0.547,1,2.975,0.495,G
3.19,1200,4,16,4,3,2.615,0.575,1,2.864,0.326,G
2.846,1200,0,15,4,0,0,2.846,0, ,2.846,N
3.54,1390,0,15,4,4,3.8,-0.26,0,3.8,-0.26,N
3.6,1210,4,16,2,3,3.625,-0.025,0,3.864,-0.264,G
3.16,1200,2,15,2,2,3.214,-0.054,1,3.204,-0.044,G
3.9,1180,1,16,4,0,1.462,2.438,0,2.903,0.997,N
2.97,1160,4,16,2,4,3.063,-0.093,0,3.063,-0.093,N
3.98,1570,4,17,4,4,3,0.98,1,3.122,0.858,G
3.54,1130,3,16,2,4,3.4,0.14,1,2.86,0.68,N
3.64,1250,3,16,4,2,3.125,0.515,0,2.889,0.751,N
4,1440,4,16,4,4,4,0,0,4,0,G
2.36,990,4,14,1,3,2,0.36,0,2.34,0.02,G
3.7,1300,3,16,4,1,2.938,0.762,1,3.069,0.631,G
2.25,1250,3,12,,,1.75,0.5,1,1.792,0.458,N
3.66,1130,4,16,4,4,3.688,-0.028,1,3.397,0.263,G
3.91,1440,4,16,6,4,3.813,0.097,0,3.458,0.452,G
3.3,840,0,14,2,0,2,1.3,0,2,1.3,N
3.93,1150,0,17,2,3,3.267,0.663,1,3.267,0.663,N
3.09,1160,4,16,4,3,2.5,0.59,0,2.729,0.361,G
3.49,1090,2,15,4,4,3.2,0.29,0,4,-0.51,N
3.01,1030,2,15,3,2,3.2,-0.19,1,1.645,1.365,N
3,1260,4,17,4,0,1.429,1.571,1,3.173,-0.173,G
2.72,760,2,14,2,1,2.5,0.22,1,2.162,0.558,N
3.01,1020,3,13,2,2,2.5,0.51,0,2.629,0.381,G
3.86,1360,2,16,,,4,-0.14,0,3.775,0.085,G
3.71,1230,4,16,4,3,3.688,0.022,1,3.578,0.132,G
2.3,1210,0,16,4,1,1.438,0.862,0,1.842,0.458,N
3.97,1260,0,17,4,2,2.647,1.323,0,3.035,0.935,G
3.75,1290,2,16,4,4,3.688,0.062,0,3.125,0.625,G
3.59,990,2,17,4,4,2.882,0.708,1,3.047,0.543,G
3.65,1350,4,17,4,3,3.071,0.579,1,3.144,0.506,G
3,1150,2,13,2,0,2.2,0.8,0,2.774,0.226,G
3.4,1230,4,16,2,4,3.8,-0.4,1,3.702,-0.302,G
3.88,1150,4,16,4,1,1.938,1.942,1,2.725,1.155,G
2.7,990,4,15,2,2,2.733,-0.033,0,2.962,-0.262,G
3.71,1220,4,15,4,2,2.933,0.777,1,3.168,0.542,G
2.88,1070,0,15,4,0,0.833,2.047,0,2.833,0.047,N
3.78,1530,4,16,3,3,3.563,0.217,0,3.22,0.56,G
2.68,1070,4,17,2,4,2.706,-0.026,0,2.872,-0.192,G
3.7,1340,4,17,3,2,3.688,0.012,1,3.83,-0.13,G
3.04,1050,0,16,4,0,0.429,2.611,0, ,3.04,N
3.88,1230,3,17,4,4,4,-0.12,1,3.585,0.295,G
2.78,970,3,14,1,3,2.308,0.472,1,1.886,0.894,N
2.23,1040,0,16,1,0,0,2.23,0,0,2.23,N
3.02,1060,3,15,4,2,2.8,0.22,0,2.8,0.22,N
3.01,990,0,13,2,1,1.462,1.548,1,1.789,1.221,N
2.96,990,0,17,4,3,2.412,0.548,0,2.412,0.548,N
2.3,990,4,14,1,0,0,2.3,0, ,2.3,N
2,1120,3,16,,,3.067,-1.067,0,3.697,-1.697,G
3.1,1050,0,12,,,2.25,0.85,1,3.538,-0.438,G
3.8,1230,0,16,,,4,-0.2,0,3.835,-0.035,G
3.23,930,4,16,1,0,1.6,1.63,1,1.649,1.581,N
2.28,970,0,17,1,0,0.214,2.066,0,0.231,2.049,N
3.3,1140,0,16,2,0,0,3.3,0, ,3.3,N
4,1390,0,17,4,4,3.353,0.647,1,3.353,0.647,N
3.62,1240,0,16,2,3,3.6,0.02,0, ,3.62,N
