CASENUM,hsgpa,HSRANK,act,acteng,actmath,actsci,actsoc,satv,satm,SAT,SEX,ETHNIC,termhrs,ACPROG1,TERM2,CAMPUS2,CLASS2,ACPROG2,CUMHRS2,CUMGPA2,RATE,RATE.WSD,EFC,INCOME,F08TERMGPA
1,3.45,48.3304042179262,25,23,25,27,12, , , ,2,7,12,BSBA,73,1,4,BSBA,117,2.97,2,2, , ,3.5
2,3.86, , , , , , ,590,650,1240,1,5,16,BSAE,77,1,4,BSAE,127,3.394,2,2,0,6832,3.231
3,3.89,8.62944162436548, , , , , ,520,550,1070,2,7,16,BSATM,72,1,4,BSATM,111,4,2,2,28380,133064,4
4,3.3,31.7427385892116,21,19,25, , ,490,600,1090,2,7,14,BSAMET,65,1,1,BSCS,14,2.429,3,3,22639,114058,2.429
5,3.6,5.53745928338762,29,28,28, , ,680,750,1430,2,9,17,BSAE,74,1,4,BSAE,143,3.474,2,2,47470,165094,3.588
6,3.72,9.27021696252466,25,25,28,25,8,490,690,1180,2,7,16,BSME,76,1,4,BSME,146,2.99,2,2,4018,43389,3.5
7,3,68.9944134078212, , , , , ,440,540,980,2,7,14,BSAS,75,1,4,BSAS,125,3.295,2,2,7218,88203,2.929
8,3.7, , , , , , ,580,590,1170,1,7,16,BSAE,74,1,4,BSAE,125,3.222,2,2,18331,85900,3.077
9,3.56,6.65083135391924, , , , , ,480,670,1150,2,4,16,BSAE,79,1,4,BSME,118,2.21,3,4,25157,152090,3.813
10,3.42, ,20,21,17,19,10,470,450,920,2,7,17,BSHS,74,1,4,BSHS,117,3.086,2,2,19360,97460,2.412
11,2.68,70.353982300885,16,15,19, , ,380,420,800,2,7,15,BSAS,65,1,1,BSAS,18,2,3,3, , ,1.75
12,3.81,10.0603621730382,22,21,27, , ,380,600,980,1,7,16,BSAS,74,1,4,BSAS,146,3.115,2,2,41065,124668,3.2
13,3.3,9.55882352941176, , , , , ,450,500,950,2,7,12,BSAMS,70,1,2,BSAMS,48,3.729,3,3,0,37777,3.833
14,3.6,21.3698630136986, , , , , ,600,610,1210,2,7,16,BSAS,75,1,4,BSAS,161,3.864,2,2,45378,123682,3.625
15,3,28.4386617100372, , , , , ,360,410,770,2,5,15,BSATM,65,1,1,BSHS,15,2.133,3,3,8602,57820,2.133
16,3.12,36.7521367521367, , , , , ,400,480,880,2,7,17,BSAS,77,1,4,BSSS,134,3.472,2,2,31535,214605,3.118
17,3.26, , , , , , ,650,590,1240,2,7,16,BSAS,73,1,4,BSA,105,3.495,2,2,3413,14961,3.4
18,3.21, , , , , , ,580,500,1080,2,7,17,BSAS,68,1,2,BSAS,44,2.273,3,3,40567,174297,2.063
19,2.5, ,18,18,21, , ,360,420,780,2,5,15,BSAE,64,1,1,BSAE,6,3.167,3,3,9235,60217, 
20,3.4, , , , , , ,380,400,780,2,9,17,BSAS,76,1,4,BSATM,113,3.018,2,2,23560,119739,2.692
21,3.86,2.30125523012552,28,28,28,27,16,700,660,1360,2,7,16,BSATM,74,1,4,BSATM,115,3.775,2,2,46535,105589,4
22,3.95,9.34065934065934, , , , , ,580,580,1160,2,7,16,NDCOE,64,1,1,NDCOE,0, ,3,3,6371,103697,3.5
23,3.67,21.8611521418021,29,31,25, , , , , ,2,7,16,BSATM,64,1,1,BSATM,0, ,3,3,43657,172238, 
24,2.87,69.0476190476191,17,12,20, , ,290,420,710,2,7,17,BSAS,75,1,4,BSA,120,2.25,2,2,32162,237878,1.875
25,3.47,24.6081504702194,28,29,27,27, , , , ,2,2,16,BSAE,77,1,4,BSEP,118,2.975,2,2,99999,282044,2.923
26,3.94, ,26,26,26,25,14,640,640,1280,2,7,15,BSBA,73,1,4,BSBA,118,3.703,2,2,99999,349513,3.2
27,3.64, ,15,13,18,16,8,340,310,650,2,7,16,BSAS,65,1,1,BSAS,15,2.667,3,3,2891,47915,2.667
28,3.48, ,27,22,24,33,15,550,520,1070,2,7,16,BSAS,75,1,4,BSAS,126,3.403,2,2,99999,1104895,3.067
29,3.69,35.2272727272727,27,22,34, , , , , ,2,4,16,BSAE,74,1,3,NDENG,68,2.188,3,4,0,25534,3
30,2.7,61.2535612535613,22,15,23, , ,540,470,1010,2,7,12,BSAMS,71,1,2,BSAS,56,2.081,3,4,17647,137821,2.583
31,3.93,.152905198776758,30,31,30, , ,660,650,1310,1,7,15,BSEP,74,1,4,BSCM,131,3.469,2,2,6334,76929,3.714
32,3.01,25.8293838862559, , , , , ,390,390,780,2,5,16,BSAE,76,1,4,NDGRU,129,2.661,2,2,3748,69151,2.692
33,3, , , , , , ,460,400,860,2,9,16,BSAS,67,1,2,BSAS,39,3.233,3,3,21482,114860,3.067
34,2.7, ,24,24,23,23,12, , , ,1,9,15,NDCOA,75,1,4,BSA,118,2.602,2,2,6045,61500,1.933
35,3.84,9.30232558139535, , , , , ,730,630,1360,2,3,15,BSAE,74,1,4,BSSP,167,3.61,2,2,746,32796,3.714
36,3.15,38.6430678466077,20,20,20, , ,470,580,1050,2,7,16,BSAS,74,1,4,BSAS,115,3,2,2,99999,483739,2.667
37,3.21,45.3954496208017,28,26,27,31,16, , , ,2,7,16,BSAS,75,2,4,BSA,118,2.867,2,2,18347,94980,1.267
38,3.6, ,22,21,24,21,13,480,540,1020,2,9,16,BSAE,77,1,4,BSAE,138,3.019,2,2,61156,228719,2.75
39,3.9,2.47116968698517,33,34,34,35,15,640,780,1420,2,7,14,BSAE,74,1,4,BSME,157,3.419,2,2,4135,57415,3.357
40,3.21, , , , , , ,270,380,650,2,2,16,BSAS,82,1,4,BSAS,95,2.47,1,1, , ,2.25
41,3.47,31.0483870967742, , , , , ,510,520,1030,2,7,16,BSAE,67,1,2,BSAS,33,3.148,3,3,100,9325,3.067
42,3,12.8787878787879, , , , , ,320,400,720,2,7,14,BSAS,77,1,3,BSATM,85,2.228,3,3,99999,374755,1.231
43,3.66, ,25,23,29,22,14,470,640,1110,2,7,16,BSAS,76,1,4,BSAS,119,3.347,2,2,99999,944500,3.125
44,3.13,57.7319587628866,25,21,25, , , , , ,2,7,15,BSSE,65,1,1,BSSE,15,1.533,3,4,2917,42919,1.533
45,3.7,24.7148288973384, , , , , ,590,600,1190,2,7,16,BSAS,73,1,4,BSASP,118,3.301,2,2,21986,158450,2.867
46,3.83,1.27388535031847,31,34,32,25,17,580,610,1190,1,9,17,BSAE,73,1,4,BSAE,142,3.356,2,2,1103,29814,3.588
47,3.81,7.25806451612903,23,26,24, , ,680,600,1280,2,7,16,BSAE,77,1,4,BSSS,132,2.562,2,2,18757,135280,2.077
48,2.75,68.4807256235828, , , , , ,420,440,860,2,7,17,BSAS,65,1,1,BSAS,15,2.667,3,3,1083,34546,2.667
49,3.29,20.1970443349754,32,34,29,29,18,680,640,1320,2,7,16,BSAE,64,1,1,BSAE,18,4,3,3,8060,69284,.615
50,2.3, ,27,31,21,24,15,720,550,1270,2,7,16,BSAS,65,1,1,BSAS,12,1.8,3,4, , ,1.8
51,2.91,15.2917505030181, , , , , ,640,560,1200,2,7,14,BSAE,65,1,1,BSHS,8,1,3,4,17347,94892,.214
52,3.76, , , , , , ,680,580,1260,2,7,16,BSAS,64,1,1,BSAS,0, ,3,3,10117,98790,4
53,2.88,30.2663438256659,23,18,27,26,11,430,530,960,2,7,15,BSEE,64,1,1,BSEE,18,2.833,3,3,64177,125530,.833
54, , , , , , , ,370,400,770,2,2,13,BSAS,65,1,1,BSAS,10,1.538,3,4,0,12658,1.538
55,3.7, , , , , , ,420,490,910,2,2,15,BSAE,71,1,3,BSAE,63,2.905,3,3,1033,43090,3.417
56,3.37,31.4420803782506,26,25,28,25,14,530,570,1100,1,7,16,BSAE,78,1,4,BSHFP,136,2.621,2,2,33814,155470, 
57,3.3,17.9220779220779,29,26,31, , ,630,640,1270,2,7,16,BSAS,75,1,4,BSAS,121,3.901,2,2,99999,612481,3.8
58,2.3, , , , , , ,490,460,950,2,7,16,BSAS,77,1,4,BSA,111,2.308,2,2,2420,51405,1.25
59,3,52.2388059701493, , , , , ,640,620,1260,2,7,17,BSAE,73,1,4,BSATM,104,3.173,2,2,99999,230529,1.429
60,2.75,43.1451612903226,26,21,29,25,15,600,660,1260,2,7,17,NDCOS,69,1,2,BSA,46,2.302,3,3, , ,.647
61,3.21, , , , , , ,570,540,1110,2,7,17,BSAS,78,1,4,BSAS,145,3,2,2,13477,122018,2
62,3.47, , , , , , ,500,430,930,2,7,17,NDCOS,78,1,4,BSAE,148,2.45,2,2,5321,52865,2.706
63,3.8,5.26315789473684,29,26,29,33,15,630,650,1280,2,7,17,BSAE,70,1,2,BSAE,56,2.717,3,3,32212,149000,3.5
64,3.63,33.2361516034985,25,30,27, , ,580,550,1130,2,7,16,NDCOE,71,1,4,BSAE,122,3.079,3,3,13722,175542,3
65,3.43, ,30,31,27,32,16,570,600,1170,2,7,18,BSAS,69,1,4,BSA,121,3.712,2,2,23686,126592,3.167
66,3,23.0414746543779,26,22,30,25,14,440,630,1070,2,7,16,BSAE,78,1,4,BSAE,153,2.933,2,2,16933,93598,3.188
67,2.7, , , , , , ,490,530,1020,2,7,16,BSAS,65,1,1,BSAS,15,2.867,3,3,22741,111296,2.867
68,3.79,39.8773006134969,25,27,24,21,17,660,610,1270,1,7,15,BSAMET,73,1,4,BSAMET,136,3.505,2,2,22539,97110,2.8
69,2.72,42.0427553444181, , , , , ,390,470,860,2,7,15,BSAS,64,1,1,BSAS,0, ,3,3,292,32635,1.857
70,3.74,18.6582809224319,22,21,23, , , , , ,2,7,16,BSAMET,65,1,1,BSAMET,16,3.25,3,3,2431,41539,3.25
71,2.8,34.1645885286783,25,26,19, , ,590,500,1090,2,7,16,BSAE,64,1,1,BSAE,18,3.833,3,3,0,29227, 
72,3.11,34.4594594594595,20,19,20,19,10,460,510,970,2,9,14,BSAS,74,1,4,BSAS,115,3.105,2,2,13355,82647,3.357
73,2.96,44.9131513647643, , , , , ,620,420,1040,2,7,16,BSHS,74,1,4,BSHS,115,3.011,2,2,1975,49097,2.875
74,2.7,53.7216828478964, , , , , ,480,530,1010,2,5,17,BSAS,68,1,2,BSA,47,2.702,3,3,4408,42538,2.941
75,3.91,4.57038391224863,27,26,28,24,16, , , ,1,7,16,BSAE,74,1,4,BSAE,134,3.463,2,2,33171,126771,3.625
76,3.4,27.2300469483568,26,25,33,23,10, , , ,2,7,17,BSAS,77,1,4,BSAS,108,3.63,2,2,3577,14256,3.25
77,.56, ,28,30,27, , ,660,680,1340,2,7,16,BSAE,73,1,4,BSAE,119,3.115,2,2,0,51383,3.625
78,3, , , , , , ,500,410,910,2,9,15,BSBA,82,1,4,BSA,133,2.39,1,1,34152,149692,2.467
79,3.4,21.6599190283401,22,20,25,24,9,470,590,1060,2,7,16,BSATM,71,1,4,BSATM,103,3.455,2,2,0,7061,3.063
80,3.05, ,27,23,28,29,14,560,630,1190,2,7,16,BSCE,67,1,1,BSCE,3,.5,3,3,15481,84631,.375
81,3.94, ,18,19,16,20,11,320,510,830,2,7,16,BSAS,64,1,1,BSAS,0, ,3,3,11748,109058,2.385
82,3.91,7.5,31,29,34, , ,640,760,1400,2,7,16,BSAE,71,1,4,BSAE,124,3.458,2,2,50892,120005,3.813
83,2.97,47.1153846153846,22,21,25, , ,410,530,940,2,7,16,BSAS,65,1,1,BSAS,9,1.533,3,3,4347,53816,1.533
84,3.02,26.1904761904762,27,24,26,25,16,550,620,1170,2,7,17,BSAE,64,1,1,BSAE,0, ,3,3,525,24208,1.429
85,3.28,17.8191489361702, , , , , ,590,710,1300,2,7,16,BSAE,68,1,3,BSAE,69,3.245,3,3,5461,56512,3.188
86,3.31,31.858407079646,32,33,30, , ,580,700,1280,2,7,16,BSATM,71,1,4,BSATM,103,3.862,2,2,56209,233201,3.813
87,3.3,16.4893617021277,24,21,26, , ,580,540,1120,1,7,16,BSAE,80,1,4,BSAMS,164,2.93,3,3,9949,72459,1.538
88,3.52,28.3870967741935, , , , , ,400,460,860,2,7,15,BSAS,65,1,1,BSAS,21,2.4,3,3,28843,135197,2.4
89,3.26,32.4675324675325,23,22,26,23,10,520,620,1140,2,7,16,BSAS,77,1,4,BSA,140,3.352,2,2,30104,129419,3.333
90,3.01, ,20,20,19, , ,500,490,990,2,7,13,BSAS,65,1,1,BSAS,25,1.789,3,4,78864,104000,1.462
91,3.96, ,30,28,29,32,16,630,610,1240,2,7,15,BSAS,74,1,4,BSHS,128,4,2,2,6252,69200,4
92,3.7,11.965811965812, , , , , ,510,520,1030,1,7,16,NDCOE,71,1,4,BSHFP,88,3.132,2,2,0,33568,3.563
93,3.3, ,25,22,23, , ,720,630,1350,2,7,16,BSAS,76,1,4,BSATM,121,2.606,2,2, , ,2.4
94,3, ,17,14,16,19,7,450,380,830,1,2,16,BSAE,73,1,3,BSAE,58,1.878,3,4,607,28992,1.5
95,3.25, ,21,23,21, , ,400,500,900,1,2,16,BSATM,65,1,1,BSATM,13,2.125,3,3,4775,46062,2.125
96,2.5,46.4566929133858, , , , , ,630,500,1130,2,7,14,BSAS,65,1,1,BSAS,10,1.429,3,3,4599,58008,1.429
97,2.67,65.9630606860158,18,13,19,22,9, , , ,2,7,17,BSAMET,68,1,1,BSATM,26,1.844,3,4,9151,74133,2.765
98,3.7, , , , , , ,690,700,1390,2,7,14,BSCE,78,1,4,BSCE,128,2,2,2,9285,120663,3
99,3.95,.980392156862745, , , , , ,720,720,1440,2,7,16,BSAE,74,1,4,BSAE,133,2.963,2,2, , ,4
100,2.7, ,21,20,24,20,8,480,590,1070,2,2,16,BSAE,74,1,4,BSAE,126,3.325,3,3,13985,116363,3.769
101,3.91,8.36012861736334, , , , , ,600,650,1250,2,7,16,BSAS,74,1,4,BSAE,117,2.564,2,2,31852,249013,3
102,3.32,26.9565217391304,20,19,20,22,10,480,550,1030,2,2,14,BSAS,65,1,1,BSHS,11,1.929,3,3,18562,129900,1.929
103,3.5,9.52380952380952,26,22,32,25,12, , , ,2,7,16,BSAE,75,1,4,BSAE,140,2.831,2,2,393,31549,2.813
104,3.3,25.1141552511416,17,15,17, , ,480,500,980,1,7,17,BSSS,65,1,1,BSHS,14,2.429,3,3,19811,96938,2.429
105,3.72, ,28,30,24,29,15,700,630,1330,2,9,16,BSBA,74,1,4,BSBA,112,3.66,2,2,88624,271574,3.375
106,3.37,27.1739130434783, , , , , ,540,430,970,2,4,16,BSAS,80,1,4,BSAS,125,3.15,2,2,2019,38112,3.267
107,3.25,58.7962962962963,28,28,30, , ,580,700,1280,2,7,12,BSAE,64,1,1,BSAE,0, ,3,3,24512,99236,.917
108,2.96,56.5217391304348,26,24,26, , ,600,560,1160,2,7,16,BSAS,75,1,4,BSAS,127,2.252,3,3,58099,206360,2.875
109,3.19,27.5964391691395,26,24,28,25,14,560,620,1180,1,7,16,BSAE,78,1,4,BSHS,131,2.864,2,2,15586,43753,2.615
110,3.3,8.09917355371901,22,23,17, , ,600,500,1100,2,5,17,BSAS,74,1,4,BSHS,107,2.69,2,2,17706,86019,2
111,3.71, , , , , , ,570,550,1120,2,2,16,BSAS,74,1,4,BSAS,116,3.862,2,2,8024,92446,3.813
112,3.4,24.5, , , , , ,390,540,930,2,4,17,BSAE,76,1,4,BSAE,136,2.684,2,2,5414,61605,1.706
113,3.65,9.9236641221374, , , , , ,520,500,1020,2,7,16,BSAS,75,1,4,BSATM,115,2.704,2,2,47979,181849,2.667
114,3.9,5.87044534412955,31,32,29, , ,760,670,1430,2,7,16,BSAE,74,1,4,BSAE,143,3.457,2,2,2640,38924,3.313
115,3.66,12.7927927927928,29,30,27,28,15, , , ,2,7,15,BSAS,74,1,4,BSAS,130,3.763,2,2,2724,52920,4
116,3.08,38.4259259259259, , , , , ,480,600,1080,2,7,19,BSAS,76,2,4,BSA,115,2.617,2,2, , , 
117,3.97,3.47394540942928, , , , , ,570,620,1190,2,7,16,BSAE,65,1,1,BSAE,25,3.769,3,3,15492,136488,3.769
118,3.51,10.8695652173913,24,25,25,26,14, , , ,2,7,17,BSHS,74,1,4,BSHS,110,3.073,2,2,15442,100453,3.118
119,3.14, ,20,22,18,19,8,500,440,940,2,7,16,BSAS,65,1,1,BSAS,12,2.833,3,3,84,320,2.833
120,2.43,87.9452054794521, , , , , ,770,660,1430,2,7,15,BSAE,77,1,4,BSHFP,120,2.389,2,2,26726,120950,2.133
121,3.95,2.77078085642317,26,25,31,23,12,440,550,990,2,7,16,BSAE,74,1,4,BSAE,123,3.394,2,2,2672,46316,3.375
122,3.69,12.8205128205128,23,19,24,26,15, , , ,2,7,15,BSAE,65,1,1,BSAE,15,3.533,3,3,9708,72970,3.533
123,3.66, ,25,26,25, , , , , ,2,7,16,BSASP,64,1,1,BSASP,0, ,3,3,28033,189267,3.188
124,4, ,30,31,26,28,18, , , ,1,7,15,BSME,68,1,2,BSME,48,3,3,3,3701,58889,3.8
125,2.34,74, , , , , ,480,440,920,2,7,15,BSAS,75,1,4,BSHS,135,2.732,2,2,5264,50355,1.714
126,2.5,30.3523035230352,17,14,18, , ,520,460,980,2,5,15,BSAE,77,1,4,BSHFP,115,2.282,2,2,0,17290,2.417
127,3.67,24.0997229916898,22,20,24,22,11,500,530,1030,2,7,16,NDCOE,74,1,3,BSME,81,2.31,3,3,8664,73240,1.875
128,3.26,64, , , , , ,420,390,810,2,2,17,BSHS,76,1,4,BSHS,113,3.01,2,2,6933,66830,2.571
129,2.15,72.3342939481268,19,22,16, , , , , ,2,7,16,BSAS,66,1,1,BSAS,12,1.381,3,3, , ,1
130,2.83, ,18,19,17, , , , , ,2,5,16,BSAS,76,1,4,BSHS,108,2.433,2,2,35732,147448,1.846
131,3.71,10.7042253521127,28,25,28, , ,590,550,1140,2,7,16,BSSP,77,1,4,BSSP,129,3.578,2,2,49452,111797,3.688
132,2.89, , , , , , ,660,610,1270,2,7,16,BSAS,74,1,4,BSHFP,112,3.375,2,2,11181,88759,2.6
133,3.3, , , , , , ,510,570,1080,2,9,16,BSAS,75,1,4,BSAS,118,2.615,2,2,35860,106829,2.75
134,2.81, , , , , , ,490,570,1060,2,7,16,BSME,65,1,1,BSME,18,1.538,3,4, , ,1.538
135,2.79,83.8541666666667,27,25,23,29,17, , , ,2,7,15,BSAS,74,1,4,BSBA,128,2.927,2,2,17922,93445,2.429
136,3,37.8378378378378, , , , , ,520,610,1130,2,7,16,BSAS,65,1,1,BSAS,12,1.867,3,4,2994,44381,1.867
137,2.83, , , , , , ,410,410,820,2,7,15,BSAS,74,1,4,BSBA,117,3.326,2,2,72710,324000,4
138,3.94, ,24,24,24,22,14,560,580,1140,2,7,16,BSAS,77,1,4,BSA,135,3.771,2,2,0,23134,4
139,2.75, , , , , , ,490,590,1080,2,7,16,BSAS,64,1,1,BSAS,0, ,3,3, , ,3
140,3, ,21,21,22,23,7, , , ,2,5,16,BSATM,74,1,4,BSATM,95,2.547,3,3,0,10801,2.125
141,2.62,56.9343065693431, , , , , ,550,490,1040,2,7,16,BSAS,73,1,3,BSAS,78,3.099,3,4,12291,72126,3.2
142,3.03,34.0579710144928,18,18,19, , ,560,570,1130,2,7,15,NDCOS,65,1,1,BSAS,14,1.714,3,3,53672,206378,1.714
143,4,.671140939597315,28,24,30,28,15,620,640,1260,2,4,14,BSAE,82,1,4,BSAE,134,3.11,1,1,13294,76821,3.714
144,3, ,24,22,22, , ,570,620,1190,2,7,16,BSAS,64,1,1,BSAS,0, ,3,3, , ,1.133
145,3.98,3.00751879699248,24,25,25, , , , , ,2,7,16,BSAE,76,1,4,BSME,136,3.343,2,2,51477,148782,3.438
146,3, ,22,24,16,19,13,500,450,950,2,9,14,BSAS,74,1,4,BSA,109,2.33,2,2,6732,79393,1
147,3.1,25.531914893617,23,23,23, , , , , ,2,2,16,BSAS,65,1,2,BSAS,37,3,3,3,14937,73563,3
148,3,60.3498542274052,25,26,22,29,13, , , ,2,7,16,BSAS,76,1,4,BSSS,119,2.707,3,3,2278,51253,3.467
149,3, ,24,22,25, , , , , ,2,2,16,NDCOE,74,1,4,BSA,118,2.116,2,2,32043,149077,2
150,3, ,20,15,16,23,13,510,430,940,2,7,14,BSAS,68,1,2,BSBA,50,2.622,3,3,32626,110377,2.385
151,3.87, , , , , , ,570,630,1200,2,7,16,BSAS,74,1,4,BSAS,116,3.89,2,2,14348,75393,4
152,3.59, , , , , , ,430,490,920,1,2,16,BSAE,77,1,4,BSAE,130,2.897,2,2,0,21213,2.813
153,3.71,10.0303951367781,29,28,30, , ,610,600,1210,1,7,15,BSAE,74,1,4,BSAMET,131,3.162,2,2,25752,117732,2.417
154,2.73,77.5862068965517, , , , , ,420,410,830,2,7,17,BSAS,74,1,4,BSAS,121,2.622,2,2,45547,137095,2.357
155,3.07,62.6038781163435,18,14,24,18,9,380,520,900,1,7,16,BSAE,74,1,3,BSAE,80,1.978,3,3,28845,130624,1.313
156,3.8,11.8518518518519, , , , , ,600,630,1230,2,7,16,BSAE,68,1,3,BSAE,58,3.204,3,3,13942,87904,3.438
157,3.8,9.61538461538462, , , , , ,660,800,1460,2,7,15,BSSP,77,1,4,BSME,137,3.41,2,2,99999,307330,3.467
158,3.22, ,22,25,22,19,11,530,580,1110,1,4,16,BSAS,78,1,4,BSHS,124,2.675,2,2,35129,263466,2
159,3.86,1.6566265060241,25,24,28,26,10,630,680,1310,2,2,16,BSAE,77,1,4,BSHFP,160,3.512,2,2,6294,92748,4
160,3.46, , , , , , ,560,580,1140,2,7,15,BSAS,73,1,4,BSA,115,2.791,2,2,10134,28871,3
161,2.3,28.5714285714286,22,20,23, , ,360,460,820,2,7,15,BSAS,75,1,4,BSA,128,2.258,2,2,34716,250183,2.4
162,3.3, , , , , , ,440,520,960,2,2,15,BSAE,77,1,4,BSHS,113,2.864,2,2, , ,2.2
163,3.73, , , , , , ,420,510,930,2,2,15,BSCE,68,1,2,BSCE,38,2.421,3,3,19070,101785,2.4
164,3.01,63.3802816901408, , , , , ,460,490,950,2,2,16,BSAS,78,1,4,BSATM,96,2,3,4,16103,90349,2.467
165,3.93, , , , , , ,570,640,1210,2,2,16,BSAE,74,1,4,BSAE,116,3.248,2,2,0,17593,3.625
166,2.78,60.8695652173913,22,19,23, , , , , ,2,7,17,BSAE,64,1,1,BSAE,0, ,3,3,5596,39021,.615
167,3.61,9.81818181818182, , , , , ,470,620,1090,2,7,17,BSAE,68,1,3,BSAE,85,3.816,2,2,35118,141846,3.824
168,3.73,3.6319612590799, , , , , ,630,720,1350,2,7,16,BSAE,70,1,3,BSAE,73,2.563,3,4,5041,48468,3.125
169,3.78,7.65432098765432,33,33,35,33,16,500,620,1120,2,7,16,BSAS,79,1,4,BSAE,138,3.22,2,2,99999,186155,3.563
170,3.14,44.9843260188088,24,22,24,25,17,450,550,1000,2,7,13,BSAS,75,1,4,BSAS,124,2.763,2,2,99999,323750,2.75
171,3.6,40.2597402597403,30,33,27, , ,590,540,1130,2,2,17,BSEE,76,1,4,BSEE,128,3.252,1,1,38912,161405,3.412
172,3.94, , , , , , ,540,590,1130,2,2,16,BSAE,76,1,4,BSEP,136,3.838,2,2,22836,156000,4
173,3.64,10.4477611940299,20,23,24, , ,390,500,890,2,2,13,BSAS,64,1,1,BSAS,15,2,3,3, , ,1
174,2.95, ,22,18,25,23,10, , , ,2,7,17,BSAS,65,1,2,BSAE,34,1.214,3,3,16914,102205,1.214
175,3.7,11.4427860696517,18,15,22, , , , , ,2,7,17,BSBA,74,1,4,BSBA,110,3.125,2,2,15214,75821,3.588
176,3,32.5892857142857, , , , , ,520,490,1010,2,7,16,BSAE,65,1,1,BSAE,3,.769,3,4,2382,34244,.625
177,3.92,8.94039735099338,28,27,28, , ,580,610,1190,1,7,16,BSAS,68,1,2,BSHFP,49,3.674,2,2,2501,41539,3.438
178,3.97, ,22,25,21,22,9, , , ,1,2,16,BSAS,64,1,1,BSAS,0, ,3,3,0,16506,2.667
179,4,2.42718446601942,30,30,32,28,16, , , ,2,7,17,BSCE,65,1,2,BSCE,38,3.353,3,3, , ,3.353
180,3.7,44.6428571428571, , , , , ,410,460,870,2,7,16,NDCOS,67,1,1,BSBA,24,1.667,3,3, , ,1.375
181,3.54, ,32,25,34,36,17,610,730,1340,2,7,15,BSAE,65,1,2,BSAE,57,3.8,3,3,43346,119178,3.8
182,3.3,36.9230769230769, , , , , ,500,660,1160,2,7,16,BSATM,71,1,4,BSATM,107,3.104,2,2,14837,136660,2.875
183,3.27,40.7303370786517,22,20,21, , , , , ,2,7,16,BSAS,73,1,4,BSAS,112,3.242,2,2,41812,260428,3.063
184,3.57,17.9389312977099,20,19,26, , ,440,580,1020,2,7,16,BSHS,74,1,4,BSHS,122,3.453,2,2,8805,98744,3.188
185,3.15,37.888198757764,18,14,19, , ,460,400,860,2,7,17,BSCE,79,1,2,BSCSO,47,1.64,3,3,3111,39733,2.571
186,3.82,13.5458167330677, , , , , ,540,600,1140,2,7,16,BSAS,65,1,1,BSAS,15,4,3,3,99999,290445,4
187,3.25,30.7246376811594,20,20,18, , ,520,390,910,2,7,16,BSAS,65,1,2,BSAS,30,2.467,3,3,26516,93931,2.467
188,2.4, , , , , , ,560,440,1000,2,7,17,BSATM,65,1,1,BSATM,2,.357,3,4, , ,.357
189,3,47.450110864745,24,24,22,21,15,590,510,1100,2,3,15,BSSE,82,1,4,BSCE,186,2.93,1,1,0,48096,2.8
190,3.07,48.4330484330484, , , , , ,500,490,990,1,2,15,BSATM,66,1,2,BSATM,34,2.412,3,3,2488,35396,2.6
191,3.7,32.5581395348837, , , , , ,420,430,850,2,7,16,BSAS,76,1,4,BSAS,124,2.973,2,2,10652,71032,2.867
192,3.3,29.3849658314351, , , , , ,320,540,860,2,4,17,BSAS,73,1,4,BSATM,110,3.379,2,2,659,21312,3.375
193,2.3, , , , , , ,490,450,940,2,7,16,BSAS,67,1,2,BSAS,32,2.16,3,3,3773,58000,1.875
194,3.13,28.740157480315, , , , , ,430,450,880,2,2,16,BSAS,70,1,3,BSAS,59,2.203,3,3,4606,40384,2.563
195,3.25, , , , , , ,460,450,910,2,2,13,BSAS,65,1,1,BSAS,1,.667,3,4,29744,130843,.667
196,2.94,65.0273224043716,21,21,24,19,9,390,520,910,2,2,16,BSAE,74,1,4,BSA,105,2.626,2,2,13406,80551,2.188
197,3.68, , , , , , ,600,670,1270,2,7,16,BSAE,73,1,4,BSAE,127,3.241,2,2,29075,389130,3.813
198,2.89,47.2868217054264,22,20,23, , ,580,500,1080,2,7,16,BSAE,76,1,4,BSHFP,111,2.754,2,2,36179,154669,1.938
199,3.76,2.40963855421687,28,29,25,25,15,550,630,1180,2,7,16,BSME,66,1,1,BSASP,25,2.464,3,3,47937,147489,2.813
200,3.7,38.7096774193548,19,23,19,18,8,520,540,1060,2,7,14,BSAMET,70,1,3,BSATM,72,2.218,3,4,28562,119608,2.143
201,3.02,43.9457202505219,30,28,24, , ,550,470,1020,2,7,14,BSAS,65,1,1,BSAS,19,1.308,3,3,8513,76718,1.308
202,4,2.32558139534884,27,27,27, , , , , ,2,7,16,BSATM,71,1,4,BSATM,107,3.929,2,2,12044,74278,3.625
203,3.43, , , , , , ,320,420,740,2,2,17,BSAS,73,1,4,BSAS,123,3.607,2,2,2316,34150,3.412
204,3.68,.161290322580645,24,26,27, , , , , ,2,7,12,BSAMET,65,1,1,BSAMET,21,3.095,3,3,6560,82483,2.417
205,3.33, ,22,16,18, , , , , ,2,4,14,BSAS,65,1,1,BSAS,19,2.538,3,3, , ,2.538
206,2.8, ,22,15,27,23,14,540,640,1180,2,7,17,BSAE,68,1,2,BSAE,32,1.8,3,3,23431,115088,1.923
207,3.2,31.8385650224215,19,20,18,19,11, , , ,2,7,16,BSAE,76,1,4,BSAE,113,2.92,2,2,27364,111889,2.75
208,3.7,29.0526315789474, , , , , ,550,580,1130,2,7,16,BSAS,73,1,4,BSAS,119,3.168,2,2,22602,165155,3.067
209,3.97,2.96442687747036, , , , , ,670,690,1360,2,7,16,BSAE,74,1,4,BSAE,132,3.777,2,2,10778,85000,4
210,3.13,17.1171171171171, , , , , ,660,650,1310,2,7,13,BSAE,76,1,4,BSAE,129,3,2,2,37840,147125,2.308
211,3.81,2.89473684210526,29,27,31,30,16,590,620,1210,2,7,16,BSAE,67,1,2,BSAE,45,3.053,3,3,36877,150121,3.313
212,2.8,33.6,22,17,22, , ,500,550,1050,2,7,16,BSAE,67,1,2,BSBA,41,2.636,3,3,31932,128375,2.125
213,3.9,4.6875,25,24,26, , ,560,560,1120,2,7,16,BSAS,73,1,4,BSATM,106.3,3.478,2,2,1353,41153,3.467
214,3.88,20.2651515151515, , , , , ,570,600,1170,2,7,16,BSAS,64,1,1,BSAS,0, ,3,3,99999,502635,3
215,3.76, , , , , , ,620,700,1320,2,7,16,BSME,71,1,4,BSME,116,3.946,2,2,30337,96415,4
216,3.45, ,28,24,30,27,16,610,580,1190,2,5,16,BSAS,74,1,4,BSATM,108,2.61,2,2,2216,40633,1.563
217,3, , , , , , ,470,420,890,1,9,16,BSATM,65,1,1,BSATM,16,2.625,3,3,0,29403,2.625
218,3.98,9.52380952380952, , , , , ,630,550,1180,2,7,16,NDCOE,71,1,3,BSHFP,76,2.987,2,2,99999,802628,2.813
219,3.17,15.5195681511471, , , , , ,520,540,1060,1,7,15,BSAS,74,1,4,BSASP,119,3.381,2,2,14251,84562,2.667
220,3.69,20.4419889502762,24,24,30, , , , , ,2,7,16,BSAS,73,1,4,BSAS,112,3.898,2,2,41944,168755,3.6
221,3.48,22.0833333333333, , , , , ,480,540,1020,2,4,15,BSAS,74,1,4,BSA,110,3.01,2,2,11699,99916,2.857
222,3.28,32.9113924050633, , , , , ,530,600,1130,2,7,16,BSAS,75,1,4,BSAS,126,3.595,2,2,87429,257000,3.25
223,3.55, ,25,22,26,26,12,540,630,1170,2,4,16,BSAE,77,1,4,BSAMET,125,3.192,2,2,10424,104948,3.375
224,3.6, ,18,16,19,17,8,390,440,830,2,7,16,BSAS,74,1,4,BSAS,111,2.721,2,2,826,40328,2.8
225,3.04,52.7720739219713,24,23,26,24,12,470,550,1020,2,7,15,BSAE,70,1,3,BSHS,59,2.559,3,4,5748,64356,2.6
226,3.52, , , , , , ,610,620,1230,2,7,15,BSAS,74,1,4,BSAS,107,3.084,2,2,6135,68137,3.429
227,3.37, ,20,17,24,20,11,390,450,840,2,7,17,BSAS,65,1,1,BSAS,16,2.438,2,2,35371,148139,2.438
228,3.76,22.1649484536082,31,34,29,28,15,580,680,1260,2,9,15,BSAE,71,1,4,BSAE,89,3.986,3,3,29760,114341,4
229,2.75, ,20,20,18,21,11, , , ,2,7,15,BSSP,67,1,3,BSCE,64,2,3,3,23895,125968,2.4
230,3.55,25.2032520325203,24,22,27, , , , , ,2,7,17,BSHFP,64,1,1,BSHFP,12,4,3,3,11201,101242,2.882
231,2.53, , , , , , ,420,500,920,2,7,13,BSAS,65,1,1,BSAS,7,2.286,3,4, , ,.667
232,3.3,52.2346368715084,20,17,22, , ,440,470,910,2,7,16,BSAS,76,1,4,BSAS,119,2.653,2,2,0,29400,2
233,3, ,25,22,29, , ,510,650,1160,2,7,16,BSAS,75,1,4,BSAS,126,3.48,2,2,8808,86764,2.667
234,3.09, , , , , , ,430,480,910,1,7,17,BSAS,80,1,4,BSAMET,113,1.98,2,2,12618,107965,2.375
235,3.24,30.9248554913295, , , , , ,470,420,890,2,5,12,BSAE,65,1,1,BSAE,9,1.583,3,4,0,20899,1.583
236,3.75,7.56302521008403,21,16,25, , ,430,520,950,2,4,17,BSAS,65,1,1,BSAS,22,3.25,2,2,20616,86483,3.25
237,3.43,16.374269005848,22,20,26,24,8, , , ,2,7,16,BSAE,80,1,4,BSAE,159,2.77,3,3,31651,124758,3.313
238,3.27,15.7012195121951,29,29,29, , ,620,690,1310,2,7,16,BSATM,73,1,4,BSATM,106,3.612,2,2,19573,160714,3.25
239,3.86,10.2473498233216, , , , , ,590,650,1240,2,7,15,BSEP,75,1,4,BSAE,130,3.095,2,2,6812,67996,3.533
240,3.85,7.41758241758242,27,23,31,28,16, , , ,2,7,16,BSAE,71,1,4,BSAE,114,3.102,2,2,5561,49664,3.375
241,3.66, , , , , , ,610,680,1290,1,7,16,BSAE,68,1,3,BSHFP,65,3.465,3,3, , ,3.154
242,3.54, ,24,21,27,27,12, , , ,2,7,16,BSAS,68,1,2,BSAS,46,2.86,3,3,83460,215157,3.4
243,2.95,36.6379310344828,20,19,19, , , , , ,2,5,14,BSAE,65,1,1,BSATM,7,1.286,3,3,5071,72373,1.286
244,3.23,30.7692307692308, , , , , ,540,640,1180,2,2,16,BSATM,74,1,4,BSATM,108,4,2,2,0,52389,4
245,3.45, ,24,21,25,27, ,530,590,1120,2,7,16,BSAE,67,1,2,BSAE,47.2,2.308,3,3, , ,2.188
246,4, , , , , , ,480,630,1110,2,7,16,BSAE,74,1,4,BSAE,133,3.471,2,2,11985,76335,3.75
247,3.68,18.1818181818182, , , , , ,670,610,1280,2,7,16,BSAS,74,1,4,BSA,113,3.663,2,2,39924,210490,3.625
248,3.17,49.7289972899729,20,18,25,21,9,490,510,1000,2,7,16,BSAS,66,1,2,BSAS,30,2.833,3,3,0,18828,2.667
249,2.19,66.0952380952381, , , , , ,540,720,1260,2,2,17,BSAE,65,1,1,BSAE,10,1.643,3,4,598,38479,1.643
250,4,4.88599348534202, , , , , ,550,610,1160,1,7,16,BSAE,74,1,4,BSAE,120,3.6,2,2,7146,73461,3.813
251,2,87.8995433789954, , , , , ,520,670,1190,2,4,13,NDCOS,65,1,1,NDCOS,4,.692,3,4,6112,54846,.692
252,4,7.81893004115226,27,20,30, , ,580,700,1280,2,7,16,BSAE,70,1,3,BSAE,68,2.759,3,3,22408,104420,2.938
253,3.35,8.72093023255814, , , , , ,590,570,1160,1,2,13,BSEP,70,1,4,BSBA,133,2.551,2,2,5343,57099,1.231
254,3.99,2.82485875706215,30,29,33,30,14, , , ,2,7,17,BSAE,65,1,1,BSAE,21,2.917,3,3,11558,102523,2.917
255,3.07,52.2292993630573, , , , , ,420,460,880,2,2,15,BSAE,82,1,4,BSME,149,2.31,1,1,2379,37673,2.467
256,4,.952380952380952,30,31,28, , , , , ,1,7,16,BSAE,73,1,4,BSAE,120,3.591,2,2,572,28834,3.625
257,3.8,13.5048231511254,26,25,25, , , , , ,2,7,16,BSAE,75,2,4,BSSS,127,3.729,2,2,1591,49756,2.938
258,3.02,26.8929503916449, , , , , ,510,660,1170,2,2,16,BSAE,74,1,4,BSHFP,107,2.6,2,2,9665,69417,2.231
259,3.05,12.2448979591837,27,24,29, , ,550,660,1210,2,7,16,BSCIV,76,1,4,BSCIV,122,3.049,2,2,18720,94881,2.313
260,3.8, ,23,21,28, , ,530,590,1120,2,7,16,BSAE,80,1,4,BSAE,123,2.87,2,2,0,17930,3.625
261,3.7, ,25,21,29, , , , , ,1,7,16,NDCOE,76,1,4,BSME,116,2.481,2,2,29198,172219,2.375
262,3.81,10.7664233576642,25,25,29, , ,580,690,1270,2,7,16,BSAE,74,1,4,BSAE,132,3.042,2,2,26907,195200,3.563
263,3.41,16.0883280757098, , , , , ,630,780,1410,2,7,16,BSAE,65,1,2,BSAE,45,3.318,3,3,2068,54308,3.188
264,2.94, ,21,21,24,20,12,490,570,1060,2,7,16,BSAS,76,1,4,BSA,117,2.821,2,2,27227,200044,1.438
265,3.3,35.4954954954955, , , , , ,580,570,1150,2,7,15,BSAS,64,1,1,BSAS,6,2.333,3,3,50992,177998,2.5
266,3.4,10.969387755102, , , , , ,420,600,1020,2,7,16,BSAS,65,1,1,BSAS,15,3.2,3,3,6735,68693,3.2
267,2.5,6.9364161849711, , , , , , , , ,2,7,15,BSAS,75,1,4,BSA,118,2.506,2,2,0,1404,3.083
268,4,2.6578073089701,23,20,28,19,13,450,600,1050,1,4,15,BSATM,71,1,4,BSSS,115,3.938,2,2,6178,70737,3.8
269,3.71, ,25,22,27,26,11,510,550,1060,2,7,16,NDCOE,76,1,4,BSME,117,3.677,2,2,37408,208590,3.813
270,2.97,20.0325732899023,24,22,28,23,11,420,550,970,2,7,16,BSBA,65,1,1,BSBA,16,3.063,3,3,68060,179153,3.063
271,2.3,76.8292682926829, , , , , ,470,550,1020,2,9,17,BSAS,65,1,1,BSAS,16,1.563,3,4,29586,132255,1.563
272,2.81, ,20,19,24, , ,450,620,1070,2,7,16,BSAE,77,1,4,BSAE,123,2.919,2,2, , ,2.313
273,2.68, , , , , , ,590,590,1180,2,7,15,BSAS,68,1,2,BSHS,44,2.556,3,3,48449,138950,1.714
274,3.83,7.16510903426791,26,24,33, , ,540,610,1150,2,5,16,BSAE,65,1,2,BSAE,34,2.846,3,3,5449,71000,2.846
275,3.56,3.57142857142857, , , , , ,460,490,950,1,7,16,BSAS,74,1,4,BSATM,106,2.991,2,2,4927,72377,2.867
276,2.73,63.8655462184874, , , , , ,480,560,1040,2,7,15,BSATM,71,1,4,BSATM,104,3.442,2,2,19313,58466,3.786
277,3.97,6.54608096468562, , , , , ,670,700,1370,2,7,15,BSAE,76,1,4,BSAE,136,3.726,2,2,18867,93955,4
278,3.79,8.08823529411765,25,20,28, , , , , ,2,7,13,BSHS,75,1,4,BSHS,123,2.856,2,2,43329,160724,3.538
279,2.95,38.785046728972, , , , , ,530,450,980,2,7,12,BSBC,76,1,4,BSBA,121,2.742,2,2, , ,3
280,2.7, , , , , , ,550,620,1170,2,5,16,BSAS,77,1,4,BSAS,122,3.27,2,2,10367,79500,3
281,3.81,13.6645962732919,25,24,25, , ,550,560,1110,2,7,17,BSAE,73,1,4,BSAS,106,3.717,2,2,0,5210,3.286
282,2.7, , , , , , ,550,540,1090,2,7,16,BSAS,74,1,4,BSAS,110,3.108,2,2,37378,420331,3
283,3.82, , , , , , ,470,540,1010,1,7,16,BSAS,76,1,4,BSAS,134,3.886,2,2,59853,199186,3.8
284,2.87,44.5585215605749,18,15,19,19,8, , , ,2,2,15,BSAS,65,1,1,BSAE,15,2.4,3,3,2001,55112,2.4
285,4,.847457627118644, , , , , ,700,740,1440,2,7,16,BSAE,74,1,4,BSAE,139,3.717,2,2,26770,93309,3.625
286,2.94,35.9154929577465,25,22,23, , ,590,450,1040,2,7,13,BSAE,74,1,4,BSAS,137,2.556,2,2,20553,73150,1.385
287,3.22, ,17,13,17,19,11,450,450,900,2,2,17,BSAS,73,1,4,BSAS,131,3.156,2,2,8605,56376,2.765
288,3.09,64.5892351274788,23,23,26, , ,530,580,1110,2,7,15,BSAS,74,1,4,BSAS,103,2.362,2,2,99999,491385,1.917
289,3.28, , , , , , ,500,500,1000,2,7,13,BSASP,75,1,4,BSASP,129,3.024,2,2, , ,3.077
290,3, , , , , , ,530,510,1040,2,7,15,BSAE,68,2,2,BSGSIS,41,2.683,3,3,0,13777,2.933
291,3.23, , , , , , ,650,530,1180,2,7,15,BSAE,77,1,4,BSAE,127,2.732,2,2,28216,208657,3.8
292,3.7,4.51127819548872, , , , , ,560,610,1170,2,7,16,BSAE,64,1,1,BSAE,0, ,3,3,31717,132169,2.938
293,2.79,61.7571059431525, , , , , ,500,630,1130,2,9,16,BSAS,76,1,4,BSHS,116,2.795,2,2,30793,133985,1.3
294,2.88, ,21,24,23, , ,520,560,1080,2,7,16,BSAS,73,1,4,BSAS,105,3.633,2,2,6544,65848,3
295,3.89, , , , , , ,630,610,1240,2,7,17,BSAE,77,1,4,BSAMET,134,3.388,2,2,29142,115967,2.353
296,3.6, , , , , , ,670,560,1230,2,7,17,BSAS,77,1,4,BSHFP,124,2.319,2,2,12775,80621,2
297,3.03, , , , , , ,450,510,960,2,7,15,BSAE,64,1,1,BSAE,6,3.167,3,3,41956,167303,.333
298,3.41, ,22,19,23,25,9, , , ,2,7,17,BSAS,74,1,4,BSA,106,3.019,2,2,14863,77877,3.313
299,4, ,30,32,27,28,17, , , ,2,7,16,BSAE,74,1,4,BSAE,116,3.87,2,2,3356,40299,4
300,3.78,7.45967741935484,27,29,22,21,17,640,560,1200,2,7,16,BSAE,65,1,2,BSAE,38,3.15,3,3,99999,365916,2.692
301,3,72.2826086956522,26,25,24, , ,450,610,1060,2,7,15,BSAMET,71,1,3,BSAMET,60,2.048,3,3,0,15788,2.4
302,3, , , , , , ,470,420,890,2,7,16,BSAS,64,1,1,BSAS,0, ,3,3,18688,98190,2.133
303,3.39, , , , , , ,460,520,980,2,7,16,BSAS,64,1,1,BSAS,0, ,3,3,51347,255093,2.333
304,3.15, , , , , , ,450,620,1070,2,7,16,BSAE,71,1,2,BSA,54,2.362,3,3,81141,301993,3.188
305,2, , , , , , ,380,520,900,2,7,13,BSAS,76,1,4,BSA,118,2.313,2,2, , ,1.75
306,3.05, , , , , , ,520,500,1020,2,2,16,BSAS,65,1,1,BSAS,15,2.067,3,3,1409,37940,2.067
307,3.15,47.1512770137525, , , , , ,630,580,1210,1,7,16,BSAE,67,1,1,BSCE,25,1.344,3,4,327,33433,2.125
308, , ,18,20,16,18,8,400,410,810,2,2,13,BSAS,79,1,4,BSAS,127,3.52,2,2,0,21844,3.083
309,3.87,.471698113207547,26,27,26,25,13,600,560,1160,2,7,14,BSAMET,73,1,4,BSAMET,107,3.933,2,2,23326,99251,4
310,3.73,2.58397932816537, , , , , ,520,580,1100,2,7,15,BSAE,74,1,4,BSAE,156,2.974,2,2,13830,86825,3.133
311,3.32, , , , , , ,360,640,1000,2,4,16,BSAE,73,1,4,BSAE,123,3.073,2,2,8548,61121,3.188
312,3.9,8.45070422535211,31,33,30,29,16,620,690,1310,1,7,16,BSBA,74,1,4,BSBA,120,4,2,2,21507,163916,4
313,3.65,12.7272727272727,26,26,30, , ,540,620,1160,2,9,16,BSAE,76,1,4,BSAE,117,3.282,2,2,0,9318,3.625
314,4,.165016501650165,31,27,34, , , , , ,2,9,13,BSAS,74,1,4,BSATM,109,4,2,2,12281,105372,4
315,3.65, , , , , , ,540,660,1200,2,4,16,BSEP,74,1,4,BSME,148,3.902,2,2,8751,61101,3.688
316,2.47, ,24,22,21, , , , , ,2,7,13,BSAS,64,1,1,BSAS,14, ,3,3,16633,123791,1.75
317,3.46,10.738255033557,26,23,25,24,16,570,550,1120,1,7,13,BSAE,64,1,1,BSAE,0, ,3,3,1839,46063,2.462
318,3.48, , , , , , ,570,590,1160,2,7,16,BSAS,73,1,4,BSAS,106,3.832,2,2,48841,206103,3.765
319,3.69,15.9459459459459,25,25,27,23,14,540,560,1100,2,7,16,BSAS,74,1,4,BSATM,112,2.981,2,2,181,32561,2.6
320,3.9,1.63934426229508,30,29,30, , ,630,690,1320,2,7,16,BSAE,74,1,4,BSAE,126,3.83,2,2,15305,79299,3.75
321,2.43,65.8730158730159,18,15,15,20,11,420,480,900,2,5,14,BSAS,64,1,1,BSAS,0, ,3,3,0,14512, 
322,3.21, , , , , , ,640,620,1260,1,9,16,BSAE,64,1,1,BSAE,0, ,3,3,17862,92592,2.188
323,3.9, , , , , , ,660,730,1390,2,7,16,BSAE,71,1,4,BSAE,101,3.691,2,2,21615,96267,4
324,3.09,33.6240310077519, , , , , ,490,670,1160,1,4,16,BSAE,74,1,4,BSAE,126,2.729,2,2,36262,85400,2.5
325,3.7,14.84375, , , , , ,510,710,1220,2,7,16,BSAE,74,1,4,BSAE,134,3.866,2,2,15735,94658,3.813
326,3.03, , , , , , ,360,470,830,2,7,16,BSAS,79,1,4,BSA,140,2.45,2,2,99999,294565,2.188
327,2.93,37.2340425531915, , , , , ,500,590,1090,2,7,15,BSAE,77,1,4,BSAE,123,2.748,2,2,20,13108,2.2
328,3.8,15.2263374485597, , , , , ,390,520,910,2,7,13,BSAS,76,1,4,BSAS,121,3.025,2,2,11484,68474,2.833
329,3.3,30.9352517985612,28,23,27, , ,630,620,1250,2,7,14,BSAE,70,1,3,BSME,58,2.918,3,3,4221,54305,2.8
330,2.43, , , , , , ,540,420,960,2,7,16,BSAS,65,1,1,BSAS,9,.8,3,4,16428,86813,.8
331,2.9,43.5616438356164, , , , , ,490,360,850,2,7,17,BSBA,74,1,4,BSBA,110,2.582,2,2,7218,64143,2.706
332,3.79,2.12201591511936, , , , , ,540,580,1120,2,5,15,BSCE,71,1,4,BSCE,95,3.662,1,1,0,6448,3.2
333,3.41,20.863309352518,28,30,29, , , , , ,2,7,16,BSAE,74,1,4,BSAE,129,2.789,2,2,35360,223127,2.188
334,3.98, , , , , , ,650,670,1320,2,7,16,BSAE,75,1,4,BSME,126,3.356,2,2,46811,172404,3.375
335,2.59,81.8681318681319,18,15,17, , ,390,470,860,2,4,15,BSAS,75,1,4,BSA,110,2.637,2,2,41623,167005,3
336,3.65,17.3814898419865,24,24,26,25,12, , , ,2,7,16,BSAS,77,1,4,BSAS,130,3.325,2,2,11616,72633,2.938
337,3.07, , , , , , ,500,460,960,2,2,16,BSASP,74,1,4,BSAS,113,2.491,2,2,13187,80815,2.667
338,3.89,26.3610315186246,31,32,28,31,16, , , ,2,7,17,BSCE,70,1,3,BSCE,72,3.117,3,3,1404,53313,3.118
339,3.41, ,23,22,23,22,16,570,550,1120,2,7,16,BSBA,74,1,4,BSBA,126,3.796,2,2, , ,3.375
340,3.8,11.3636363636364,27,27,29,30,11, , , ,2,7,16,BSAE,74,1,4,BSAE,125.1,3.712,2,2,67343,193074,3.688
341,2.77,72.9007633587786, , , , , ,420,530,950,2,7,16,BSAE,64,1,1,BSAE,0, ,3,3, , ,2.364
342,2.67,63.3757961783439,16,13,21,20,6,410,510,920,2,5,17,BSAS,65,1,1,BSAS,10,1.063,3,4,28377,134756,1.063
343,2.3,80.4494382022472, , , , , ,420,500,920,2,7,13,BSAS,75,1,4,BSATM,118,2.973,2,2,37839,135883,1.75
344,3.68, , , , , , ,500,630,1130,2,7,12,BSAMS,75,1,4,BSAMS,142,3.636,2,2,99999,411507,3.417
345,2.56,63.6986301369863,21,21,17, , , , , ,2,7,12,BSAS,82,1,4,BSA,103,2.52,1,1, , ,0
346,3.3, , , , , , ,400,450,850,2,7,14,BSAS,75,1,4,BSATM,122,2.877,2,2,464,38079,2.786
347,3.36, , , , , , ,440,420,860,2,7,12,BSAEL,76,1,4,BSAMS,102,2.127,3,3,26795,125688,2
348,2.3, ,19,16,18,19,11,400,430,830,2,5,14,BSAE,65,1,1,BSATM,11,2.5,3,3,5417,54336,2.5
349,3.06,33.3333333333333, , , , , ,440,470,910,2,7,17,BSAS,75,1,4,BSAS,135,3.261,2,2,65152,245619,3.438
350,3.1, ,19,27,20, , ,540,530,1070,2,7,16,BSAS,65,1,1,BSAS,1,.063,3,3, , ,.063
351,3.3, , , , , , ,490,560,1050,2,4,14,BSAS,74,1,4,BSAS,110,3.302,2,2,366,29317,4
352,3.64, ,26,23,26,24,14,570,590,1160,2,7,13,BSAE,74,1,4,BSA,118,2.783,2,2,25230,152724,2.615
353,3.21,29.1428571428571, , , , , ,560,500,1060,2,7,15,BSAMET,67,1,1,BSAMET,21,2.071,3,3,6771,109549,2.267
354,3.9,8.08510638297872, , , , , ,540,680,1220,2,7,16,BSAE,74,1,4,BSAE,120,3.847,2,2,31875,124043,3.625
355,3.88,16.8724279835391,25,25,29,25,14,530,650,1180,2,9,17,BSME,74,1,4,BSME,129,3.585,2,2,63604,87588,4
356,3.11, , , , , , ,440,510,950,2,7,14,BSAS,73,1,3,BSA,77,2.197,3,3,99999,902087,2.357
357,3.67,9.50118764845606, , , , , ,400,550,950,2,4,17,BSAE,77,1,4,BSAE,121,2.482,2,2,5954,87980,2.706
358,2.93,29.4117647058824, , , , , ,700,800,1500,2,7,15,NDCOS,65,1,2,BSEP,28,3.267,3,3,7207,52015,3.267
359,3.38,5.91397849462366, , , , , ,740,760,1500,2,7,16,BSAE,64,1,1,BSAE,0, ,3,3,70,26167,2
360,3.52, , , , , , ,390,420,810,2,2,15,BSAS,77,1,4,BSAS,130,3.22,2,2,0,24175,2.714
361,3.37,48.1578947368421,22,19,25,23,9,480,570,1050,2,7,16,BSAE,76,1,4,BSAE,126,3.405,2,2,22584,105379,2.563
362,4,2.19178082191781, , , , , ,600,780,1380,2,7,16,BSAE,77,1,4,BSAE,136,3.894,2,2,5306,48575,4
363,3.17,66.6666666666667,25,22,29,25,13,550,590,1140,2,7,17,BSBA,74,1,4,BSBA,115,3.595,2,2,46208,296099,3.647
364,3.64, , , , , , ,600,650,1250,2,7,16,BSAE,68,1,4,BSAE,96.8,2.889,3,3,55488,138365,3.125
365,2.75,30.0733496332518,22,20,22, , ,520,590,1110,2,7,14,BSAS,77,1,4,BSA,131,3.282,2,2,6030,50292,3.231
366,2.98, ,21,17,28,21,10,370,610,980,2,4,17,BSAE,78,1,4,BSAE,138,2,2,2, , ,2.824
367,3.5,18.3098591549296, , , , , ,740,670,1410,2,7,14,BSAE,74,1,4,BSAE,150,2.815,2,2,10850,73036,3.214
368,3,51.1002444987775,22,18,28,21,11,420,660,1080,2,7,15,BSAE,64,1,1,BSAE,0, ,3,3,2202,54571,2.333
369,2.78,37.8676470588235, , , , , ,500,550,1050,2,7,15,BSAS,74,1,4,BSA,106,2.509,2,2,4692,47131,1.6
370,3.53,8.32137733142037, , , , , ,420,590,1010,2,7,15,BSAE,75,1,4,BSAE,133,2.927,2,2,34994,122018,3.8
371,3.11,54.8104956268222,27,26,27,26,13,610,590,1200,2,7,16,BSAE,67,1,1,BSAE,23,2,3,3,8301,62269,2.692
372,3,49.1071428571429, , , , , ,340,420,760,2,7,15,BSAS,75,1,4,BSAS,130,3.315,2,2,12900,114020,3.4
373,3.27, ,22,20,24, , ,480,490,970,2,7,16,BSATM,74,1,4,BSATM,106,3.434,2,2,5347,52686,3.063
374,3.25, ,22,20,21, , , , , ,2,7,16,BSAS,74,1,4,BSBA,123,3.694,2,2,99999,622669,3.4
375,3.55, , , , , , ,450,680,1130,2,7,16,BSAS,64,1,1,BSAS,0, ,3,3,4176,73383,2.133
376,3.42, ,25,24,26, , ,530,570,1100,1,7,16,BSAE,74,1,4,BSAE,118,2.86,2,2,57340,307500,3
377,3.5, , , , , , ,610,630,1240,1,9,16,BSAE,73,1,4,BSAE,149.4,3.661,2,2,24710,90860,3.813
378,3.83, , , , , , ,690,610,1300,1,7,16,BSAE,74,1,4,BSAE,123,3.236,2,2,74126,380403,3.375
379,3.57, , , , , , ,660,620,1280,2,7,16,BSAE,65,1,1,BSAE,16,3.125,3,3,0,6138,3.125
380,3.7,31.2138728323699, , , , , ,510,510,1020,1,7,16,BSAS,65,1,1,BSAS,15,4,3,3,16422,122977,4
381,3.5, ,24,22,28,26,11,470,730,1200,2,4,16,BSAE,74,1,4,BSAE,126,3.492,2,2,0,2675,3.813
382,3.43,17.9591836734694, , , , , ,660,560,1220,2,7,16,BSAS,74,1,4,BSBA,106,3.755,2,2,19152,104377,3.467
383,2.7,62, , , , , ,480,510,990,2,5,15,BSAS,64,1,1,BSAS,0, ,3,3,0,0,1.733
384,3.25, ,23,22,21,20,10,470,450,920,1,7,15,BSAS,71,1,4,BSATM,108,2.382,2,2,27273,108428,2.4
385,3.38,13.4328358208955,18,15,25,20,5,440,450,890,2,2,16,BSAS,74,1,4,BSAS,110,2.743,2,2,4124,48067,2.467
386,3.3,30.2904564315353, , , , , ,720,620,1340,2,7,16,BSAE,76,1,4,BSAE,124,2.631,2,2,26670,222000,3.188
387,2, , , , , , ,520,600,1120,2,7,16,BSAS,71,1,4,BSAS,118,3.697,2,2,99999,73888,3.067
388,2.82,23.6714975845411,24,22,26,22,13,530,530,1060,2,7,16,BSAS,65,1,1,BSBA,15,3,3,3,16806,118477,3
389,3.03,59.6059113300493, , , , , ,440,420,860,2,9,16,BSAS,82,1,2,BSAS,55,2.76,1,1, , ,2.231
390,2.7,80.7339449541284,22,15,25,26,10, , , ,2,7,17,BSAE,67,1,1,BSAE,27,2.593,3,3,13712,72747,1.706
391,2.51,68.0851063829787,14,8,18,18,7, , , ,2,4,13,BSAEL,81,1,4,BSEE,149,1.97,2,2,1340,37165,1.615
392,4,4.08163265306122,23,19,23,24,14,530,590,1120,2,7,16,BSAE,74,1,4,BSAE,120,2.944,2,2,6514,95881,3
393,3.66,25.1968503937008,28,27,29,28,12, , , ,1,7,17,BSAE,76,1,4,BSAE,129,2.733,2,2,15944,0,2.529
394,3.34,11.8155619596542,20,19,20,18,14,420,460,880,1,7,15,BSAS,74,1,4,BSHS,110,3.171,2,2,0,4397,2
395,2.64, ,17,17,16,18,7, , , ,1,4,16,BSAS,80,1,4,BSAOS,160,2.68,2,2,1434,46521,2
396,3.39,20.4545454545455,17,14,19, , , , , ,2,7,15,BSAS,74,1,3,BSAS,84,1.964,3,4,1101,38098,2.143
397,3.68,27.2727272727273,24,23,24, , ,540,550,1090,2,7,16,BSBA,74,1,4,BSBA,110,3.082,2,2,12588,92680,3.25
398,2.82,61.4617940199336,28,25,29,30,14, , , ,2,7,16,BSAE,74,1,4,BSAE,118,3.651,2,2,19870,163010,3.188
399,2.64, , , , , , , , , ,1,5,14,BSATM,64,1,1,BSATM,3,3,3,3,0,7538, 
400,3.9,2.10280373831776,33,35,28, , ,670,640,1310,1,9,16,BSAE,73,1,4,BSAE,133,3.557,2,2,9336,77518,3.438
401,3.3,27.7777777777778,21,19,22,27,9, , , ,2,7,16,BSAS,77,1,4,BSAS,124,3.034,2,2,4555,48026,3.067
402,3.18,34.6715328467153, , , , , ,550,660,1210,2,4,16,BSAS,64,1,1,BSAS,0, ,3,3,22669,140605,3.067
403,4, ,30,32,26,27,17,760,630,1390,2,7,16,BSAS,72,1,4,BSAS,120,3.968,2,2,532,26040,4
404,3.74, , , , , , ,530,510,1040,2,7,16,BSAS,75,1,4,BSAS,128,3.895,2,2,32467,237522,3.813
405,2.6, , , , , , ,490,500,990,2,7,15,BSAE,77,1,4,BSA,106,2.081,2,2,99999,351500,1.692
406,3.45,21.2454212454212,22,22,28, , , , , ,2,7,16,BSAE,65,1,1,BSAE,24,2.708,3,3,25910,180728,2.412
407,3.23,19.1176470588235, , , , , ,650,590,1240,2,2,16,BSAS,74,1,4,BSA,125,3.518,2,2,2039,30890,3.067
408,3.82, ,27,25,24, , ,610,550,1160,2,7,16,BSAE,65,1,1,BSAE,25,3.188,3,3,25281,177250,3.188
409,2.76,27.4422735346359, , , , , ,640,460,1100,1,7,16,BSAS,75,1,4,BSAS,119,3.5,2,2,59880,205479,2.333
410,3.95,7.40740740740741, , , , , ,560,650,1210,2,7,15,BSAE,64,1,1,BSAE,0, ,3,3,12756,78954,2.083
411,3.9,4.04040404040404, , , , , ,600,620,1220,2,7,16,BSSP,74,2,1,BSSP,19,1.433,3,3,0,4676,2.5
412,2.7,50.2008032128514, , , , , ,500,610,1110,2,7,16,BSAS,73,1,4,BSAS,128,3.681,2,2,32364,139004,4
413,3.93,2.31481481481481, , , , , ,540,780,1320,2,7,16,BSAE,74,1,4,BSAE,121,3.708,2,2,11851,57733,3.813
414,2.57, ,31,25,34, , , , , ,2,7,16,BSAE,71,1,3,BSCM,77,2.57,3,3,43013,153144,1.846
415,2.8,50.4702194357367,19,15,22,18,11,490,520,1010,2,7,16,BSAS,67,1,1,BSAS,15,1.524,3,3,9133,62208,1.333
416,3.08, , , , , , ,360,400,760,2,2,17,BSAS,65,1,1,BSAS,16,3.313,3,3,3416,36397,3.313
417,2.78,34.620886981402,19,13,23,19,7,430,450,880,2,9,14,BSAS,68,1,2,BSHS,29,1.886,3,4,56550,75848,2.308
418,2.48, , , , , , ,420,460,880,1,7,13,BSAE,67,1,1,BSAE,22,2.071,3,4,0,26905,3.077
419,3.45,28.5057471264368, , , , , ,570,620,1190,2,5,16,BSAS,71,1,3,BSAE,84,2.847,3,3,20737,96373,3.438
420,3.11,43.6440677966102, , , , , ,370,430,800,1,7,15,BSAS,65,1,1,BSAS,8,.75,3,4,17188,94542,.429
421,3.6,4.1994750656168,21,21,19,24,11,430,470,900,1,7,15,BSAE,76,1,4,BSAMET,140,2.881,2,2,7640,68246,2.2
422,3.3,13.1528046421663, , , , , ,530,570,1100,1,7,15,BSAS,67,1,1,BSAS,27,1.889,3,4,0,35668,2
423,3, ,23,24,27,19,13,480,580,1060,2,7,16,BSAE,76,1,4,BSAE,126,2.619,2,2, , ,2.063
424,3.9,10.6481481481481,30,25,32,29,16, , , ,2,7,14,BSAE,69,1,2,BSAE,54,2.019,3,3,17534,94824,2.357
425,3.9,4.10958904109589, , , , , ,430,480,910,2,7,15,BSAE,76,1,4,BSAE,120,3.271,2,2,9780,96905,3.4
426,3.1,36.6952789699571,25,26,23,25,13, , , ,2,7,16,BSATM,68,1,2,BSATM,49,3.49,3,3,32251,132332,3.375
427,2.6,78.1512605042017,18,16,19, , ,390,510,900,2,7,14,BSAS,82,1,4,BSATM,113,2.15,1,1,14479,92376,2.846
428,3.57,14.4756277695716,30,28,30, , , , , ,2,7,16,BSAE,65,1,1,BSAE,19,3.063,3,3,5605,59539,3.063
429,2.98,47.9371316306483,20,20,23, , ,470,470,940,2,4,16,BSAS,79,1,4,BSAS,181,2.51,3,3,6688,50652,2
430,3.86,9.86547085201794,23,22,22, , ,450,490,940,2,7,16,BSAS,75,1,4,BSAS,120,3.461,2,2, , ,3.267
431,3.75,25,24,23,24,24,15, , , ,2,7,16,BSAS,76,1,4,BSA,102,3.393,2,2,4386,71290,3.4
432,3.02,29.559748427673, , , , , ,570,570,1140,2,7,16,BSAS,64,1,1,BSAS,0, ,3,3,13826,81076,1.533
433,2.3, , , , , , ,440,550,990,2,9,14,NDCOS,65,1,1,NDCOS,0, ,3,4,110,127,0
434,2.7, , , , , , ,530,530,1060,2,7,16,BSAS,74,1,4,BSAS,122,2.757,2,2,99999,291286,2.2
435,2.82,66.6666666666667,24,24,26, , ,530,590,1120,2,7,14,BSAE,71,1,4,BSATM,140,2.952,2,2,44034,154563,1.357
436,3.92,8.39328537170264,34,34,32, , ,730,710,1440,1,9,16,BSME,74,1,4,BSME,149,3.714,2,2,6154,54058,3.563
437,2.7,64,24,22,23,25,11,460,590,1050,2,7,15,BSAS,66,1,1,BSAS,17,2.429,3,3,32126,148564,2.071
438,3.41, , , , , , ,420,430,850,2,2,16,BSAS,65,1,1,BSAS,21,2.867,3,3,393,27935,2.867
439,3.8,3.11418685121107,29,28,35,27,12,630,750,1380,2,7,17,BSAE,76,1,4,BSAE,137,3.484,2,2,24314,159095,4
440,2.4, ,16,14,17, , ,450,530,980,2,7,16,BSAS,76,1,4,BSA,109,2.872,2,2,23129,101636,1.2
441,3.25,19.0984578884935,27,30,29,25,12,510,560,1070,2,2,14,BSAE,77,1,4,BSME,124,2.723,2,2,4806,64811,2.929
442,3.91,10.7305936073059,28,22,32, , ,510,730,1240,2,7,16,BSAE,75,1,4,BSAE,129,3.233,2,2,10219,211100,3.5
443,3.91, ,26,27,28, , ,730,670,1400,2,7,17,BSAS,78,1,4,ASAMS,189,4,2,2,1432,32673,2.588
444,3.57,14.010989010989,29,29,29,25,16,620,650,1270,2,5,16,BSAE,74,1,4,BSAE,123,3.067,2,2,43613,164758,2.813
445,3.71, ,24,28,20,23,8,630,570,1200,2,4,16,BSATM,67,1,2,BSATM,42,3.533,3,3,17015,83156,3.438
446,3.08,31.5789473684211, , , , , ,620,580,1200,2,2,15,BSAS,68,1,3,BSAS,64,2.196,3,3, , ,1.4
447,4,2.91545189504373, , , , , ,720,650,1370,1,7,16,BSATM,71,1,4,BSATM,106,4,2,2,9297,66263,4
448,3.86,4.74631751227496,24,22,27,25,13,520,610,1130,2,2,16,BSAE,74,1,4,BSAE,117,2.919,2,2,78,3678,3.438
449,3.36, ,19,21,16, , ,480,440,920,1,2,17,BSAE,65,1,1,BSASP,4,.643,3,4,200,31526,.643
450,3.7, ,19,19,20, , ,420,370,790,2,2,16,BSAS,74,1,4,BSHS,106,3.333,2,2,0,13003,3.25
451,3.95,2.7972027972028, , , , , ,700,680,1380,2,7,16,BSAE,74,1,4,BSAE,133,3.842,2,2,6134,60882,4
452,3.1,52,20,22,22, , ,450,530,980,2,7,12,BSAMS,68,1,2,BSAMS,36,3.306,3,3,6369,59169,3.25
453,3.03,30.2083333333333, , , , , ,590,520,1110,2,7,16,BSAE,73,1,3,BSHS,81,2.045,3,3,29171,128248,1.667
454,3.24,29.8969072164948, , , , , ,460,640,1100,2,7,17,BSAE,77,1,4,BSCE,143,3.156,2,2,32614,98687,2.857
455,4,1.66666666666667,26,24,29,25,9,510,720,1230,1,7,17,BSAE,77,1,4,BSCE,130,3.371,2,2,24648,198312,3.353
456,3.02,18.3870967741935,21,19,23,19,11,540,480,1020,2,5,16,BSAS,75,1,4,BSAS,122,2.826,2,2,4749,79622,1.933
457,2.37, , , , , , ,440,410,850,2,5,16,BSAS,65,1,1,BSAS,4,.667,3,4,30798,148225,.667
458,3.74,2.72108843537415,31,28,32,32,17,600,620,1220,2,7,16,BSCIV,74,1,4,BSCIV,123,3.349,2,2, , ,3.125
459,2.55,55.3014553014553, , , , , ,450,490,940,2,5,16,BSATM,80,1,2,BSATM,55,1.82,3,4,17530,120100,2.813
460,3.7, , , , , , ,650,650,1300,2,7,16,BSAE,77,1,4,BSAE,150,3.069,2,2,66046,159772,2.938
461,3.85,12.9032258064516, , , , , ,600,600,1200,2,7,16,BSAS,74,1,4,BSAS,109,3.807,2,2,11054,68900,3.8
462,3.3,27.1844660194175, , , , , ,560,610,1170,2,7,16,BSAE,71,1,3,BSEP,66,2.318,3,3,7589,74049,1.063
463,3.94, ,30,30,30, , , , , ,1,7,17,BSAE,74,1,4,BSCIV,130,3.858,2,2,0,42606,3.786
464,3.93,12.1265377855888,31,28,27, , , , , ,2,7,15,BSAE,74,1,4,BSME,130,3.09,2,2,8613,63022,3.6
465,2.8, ,19,18,18, , ,410,440,850,1,2,17,BSAE,64,1,1,BSAE,0, ,3,3,0,26082,1.882
466,2.35,59.3406593406593, , , , , ,540,560,1100,2,4,14,BSAS,65,1,1,BSAS,6,1,3,4, , ,1
467,3.43,18.4931506849315, , , , , ,510,490,1000,1,2,17,BSAS,65,1,1,BSHS,17,3.059,3,3,2604,41443,3.059
468,3.51,23.3480176211454,20,20,15,20,13, , , ,1,2,15,BSAS,73,1,4,BSASP,112,3.544,2,2,15088,131119,3.2
469,3.68,10.0299401197605,31,28,27, , , , , ,2,7,16,BSAE,74,1,4,BSAE,117,3.566,2,2,24799,101436,3.563
470,3.45, , , , , , ,560,610,1170,1,7,16,BSAS,77,1,4,BSAS,135,3.073,2,2,31228,117034,.818
471,3.6, , , , , , ,550,590,1140,2,7,15,BSAE,81,1,4,BSAE,136,2.75,2,2,69280,210287,4
472,3.31,31.8302387267905,21,19,25, , ,520,530,1050,2,5,16,BSAS,74,1,4,BSATM,111,2.833,2,2, , ,2.467
473,3.87,26.1538461538462, , , , , ,460,450,910,2,7,15,BSAS,75,1,4,BSA,125,3.008,2,2,17167,79725,2.643
474,3.69, ,23,23,26,24,9, , , ,1,2,15,BSAE,74,1,4,BSASP,106,3.35,2,2,14264,78598,2.733
475,3.83, ,29,29,29, , ,510,660,1170,1,7,16,BSAE,76,1,4,BSAE,139,3.607,2,2,17843,88791,3.563
476,3.14, ,19,19,20, , , , , ,1,7,16,BSAE,76,1,4,BSAMET,121,3.036,2,2,4402,54777,2.313
477,3.22,22.1978021978022, , , , , ,510,570,1080,2,7,14,BSEP,76,1,4,BSCM,117,2.804,2,2,37583,132225,2.214
478,3.74, ,26,28,27, , , , , ,2,7,16,BSAS,67,1,1,BSAS,24,2.778,3,3,12674,67113,2.8
479,3.3,16.504854368932, , , , , ,560,570,1130,2,7,12,BSAE,79,1,4,BSAE,137,2.92,2,2,8824,70206,3.583
480,3.91,10.8695652173913,21,29,19,13,10,490,450,940,1,5,16,BSHFP,68,1,2,BSHFP,43,3.023,2,2,0,16214,3.625
481,2.74, , , , , , ,450,490,940,2,7,16,BSAS,74,1,4,BSAS,119,2.759,2,2, , ,2.133
482,3.26, ,19,19,17,21,10,350,450,800,2,7,12,BSAMS,69,1,2,BSAMS,48,2.021,3,3,7769,58699,2.417
483,2.46,70.0696055684455, , , , , ,420,360,780,1,5,13,BSAS,65,1,1,BSAS,4,.833,3,4,3223,45110,.444
484,2.71,57.1428571428571, , , , , ,360,500,860,2,7,15,BSAE,64,1,1,BSAE,0, ,3,3,5661,60006,.167
485,3.7, , , , , , ,540,700,1240,2,4,16,BSAE,71,1,3,BSAE,83,3.329,3,3,28795,133917,3.563
486,3.07,38.6221294363257,26,24,32, , , , , ,2,7,15,BSCIV,77,1,4,BSCIV,127,2.415,2,2,24516,139063,2.267
487,3.89, , , , , , ,720,680,1400,1,7,14,BSAE,71,1,4,BSAE,150,4,2,2, , ,4
488,3.36,35.6796116504854,19,23,23, , ,530,610,1140,2,4,17,BSAS,65,1,1,BSAS,16,1.875,3,3,20522,98052,1.875
489,4,1.45454545454545, , , , , ,510,670,1180,2,7,16,BSAS,77,1,4,BSAS,144,4,2,2,1857,55929,4
490,3.7,6, , , , , ,510,580,1090,2,7,16,BSCIV,65,1,1,BSCIV,27,2.75,3,3,12706,41501,2.75
491,3,52.6595744680851, , , , , ,510,640,1150,2,7,13,BSAS,77,1,4,BSAS,119,2.774,2,2,27704,59762,2.2
492,3.38,45.9770114942529, , , , , ,350,450,800,2,5,15,BSAS,65,1,1,BSAS,20,2.5,3,3,2731,52213,2.5
493,3.19, ,25,22,25,25,13,520,580,1100,2,7,14,BSAE,75,1,4,BSHS,127,3.048,2,2,26402,200300,2.917
494,2.86,32.4324324324324, , , , , ,560,530,1090,2,5,16,BSAE,76,1,4,BSSE,125,2.783,2,2,9035,45488,2.615
495,3.13,46.7692307692308, , , , , ,520,650,1170,2,9,12,BSAMS,77,1,4,BSAMS,127,2.551,2,2,7724,68940,3
496,3.93,7.69230769230769, , , , , ,540,610,1150,2,7,17,BSAEL,65,1,1,BSAS,24,3.267,3,3, , ,3.267
497,3.7,12.9277566539924, , , , , ,580,690,1270,1,7,15,BSAS,76,1,4,BSASP,118,2.587,2,2, , ,2.6
498,3.08,54.2857142857143, , , , , ,580,600,1180,2,7,16,BSAS,72,1,4,BSA,109,3.194,2,2,10045,74121,3.133
499,3.48,20.6500956022945, , , , , ,540,500,1040,1,9,15,BSCE,65,1,1,BSCE,12,3.25,3,3,3233,51510,3.25
500,3.74, , , , , , ,630,590,1220,2,7,16,BSAS,72,1,4,BSHFP,92,3.478,2,2,0,99999,2.867
501,3.15, ,22,25,23,20,12,560,600,1160,2,7,16,BSAS,78,1,4,BSAS,124,3.555,2,2,99999,282200,3.333
502,2.95, ,26,22,27,26,14, , , ,2,7,16,BSHS,74,1,4,BSHS,115,3.142,2,2,51353,185009,3
503,3.9,7.25190839694656,27,25,33, , ,470,700,1170,2,7,16,BSAE,77,1,4,BSAE,124,2.962,2,2,8675,61113,2.688
504,3,37.9962192816635,28,30,27, , ,560,690,1250,2,7,14,BSAMS,70,1,2,BSHS,57,2.807,3,4,15084,91766,3.385
505,3.63,10.7238605898123,21,23,21,19,11,520,440,960,2,7,17,BSCE,64,1,1,BSCE,0, ,3,3,9700,67250,1.118
506,2.57, , , , , , ,570,470,1040,2,5,16,BSATM,65,1,1,BSATM,10,.938,3,4,24663,109215,.938
507,3.71,12.5461254612546,26,26,27, , , , , ,2,7,15,BSSE,74,1,4,BSSE,130,3.168,2,2,64257,127314,2.933
508,3.83,6.71936758893281,25,20,26, , ,550,620,1170,2,7,17,BSAE,74,1,4,BSAMET,120,3.45,2,2,20023,98000,3.176
509,3.7, , , , , , ,610,710,1320,2,7,16,BSAE,81,1,4,BSME,106,2.26,3,4,29072,135409,3.813
510,2.75,48.5245901639344, , , , , ,690,710,1400,2,7,16,BSAE,65,1,1,BSAE,10,1.154,3,4,8078,88047,1.154
511,3.41,14.7619047619048,23,20,28,22,9,440,570,1010,2,7,17,BSAE,76,1,4,BSAMET,125,3.223,2,2,20176,97059,3.059
512,2.42,39.84, , , , , ,580,530,1110,2,5,16,BSAS,65,1,1,BSAS,7,.933,3,4,5828,45838,.933
513,2.81, ,18,18,20,18,8,470,540,1010,2,5,15,BSAS,80,1,4,BSA,89,2.45,3,4,21972,95618,2.867
514,3.3,39.6501457725948,27,26,25, , ,510,480,990,2,7,13,BSA,65,1,1,BSAMET,10,1.231,3,3,162,25110,1.231
515,2.9,45.3125,24,20,24,24,11, , , ,2,7,15,BSAE,65,1,1,BSHS,3,.417,3,4,7839,105896,.417
516,3.65, , , , , , ,610,700,1310,2,9,16,BSAS,64,1,1,BSAS,0, ,3,3,8991,94388,3.467
517,2.75,67.4019607843137, , , , , ,570,540,1110,2,7,17,BSAS,67,1,1,BSAS,20,2.05,3,3,10436,98824,1.688
518,3.38, , , , , , ,540,550,1090,2,2,16,BSAE,77,1,4,BSAE,119,2.849,1,1,1860,35214,3
519,3.86,11.7408906882591, , , , , ,550,590,1140,2,7,15,BSAE,64,1,1,BSAE,0, ,3,3,3657,82290,3.2
520,3.38, ,24,21,25,23,13, , , ,1,7,16,BSAE,74,1,4,BSCIV,119,2.903,2,2,15186,77083,3.063
521,3.63,18.5507246376812,29,32,28, , , , , ,2,9,17,BSAS,68,1,3,BSHFP,62,2.578,3,3, , ,3
522,3.87,7.69230769230769,23,23,23,22,15, , , ,2,7,16,BSAE,75,1,4,BSAE,132,2.958,2,2,1,26935,3.563
523,3.3,35.8606557377049, , , , , ,480,570,1050,2,7,16,BSASP,64,1,1,BSASP,0, ,3,3,3428,51046, 
524,3.37, , , , , , ,570,620,1190,2,7,16,BSAE,76,1,4,BSAE,129,2.813,2,2,12757,115938,2.625
525,3.5,25.1243781094527,20,17,23, , ,500,580,1080,2,7,15,BSAE,64,1,1,BSAE,0, ,3,3,13445,83980,2.467
526,3.65,17.7570093457944,25,23,25,27,13, , , ,1,7,15,NDCOS,65,1,1,NDCOS,12,2.667,3,3,15600,108260,2.667
527,4,.609756097560976,24,27,29, , ,550,590,1140,1,7,16,BSAE,65,1,2,BSAMET,37,3.5,3,3,29395,124913,3.5
528,2.57,70.3076923076923, , , , , ,590,490,1080,1,9,16,BSAS,67,1,1,BSAS,21,2.292,3,3,6392,58100,2.583
529,3.05,57.0175438596491,27,27,27, , ,600,550,1150,2,7,17,BSAE,77,1,4,BSAE,134,3.291,2,2,3012,51349,3.412
530,3.61,29.126213592233, , , , , ,670,730,1400,2,7,16,BSAE,77,1,4,BSAE,126,2.969,2,2,34410,152122,3.438
531,3.57,8.60759493670886, , , , , ,510,510,1020,1,5,17,BSAE,65,1,1,BSAE,10,.941,3,4,0,28051,.941
532,2.78,46.5085638998683, , , , , ,480,570,1050,2,7,16,BSAE,77,1,4,BSAS,123,3.366,2,2, , ,2.25
533,3.7,9.45179584120983, , , , , ,680,650,1330,2,7,16,BSAS,77,1,4,BSAE,146,3.847,2,2, , ,4
534,3.52,39.5306859205776, , , , , ,530,600,1130,1,7,16,BSHFP,65,1,1,BSHFP,16,3.25,3,3,99999,575534,3.25
535,3.3, , , , , , ,430,410,840,2,2,14,BSAS,65,1,1,BSAS,10,2,3,3,78934,186021,2
536,3.96, ,23,22,26, , ,450,580,1030,2,7,16,BSAE,73,1,4,BSBA,115,3.97,2,2, , ,3.813
537,2.9,37.2131147540984, , , , , ,510,640,1150,2,7,16,NDCOS,76,1,4,BSAE,132,3.017,2,2,3550,30574,3.267
538,3.79,7.76119402985075, , , , , ,560,460,1020,1,9,16,BSBA,74,1,4,BSAMET,116,2.973,2,2,66581,277485,3.438
539,3.55,25.0783699059561,29,28,31,27,15, , , ,1,7,16,BSAE,76,1,4,BSAE,119,3.06,2,2,11414,102245,3.063
540,3, ,21,21,23, , ,470,520,990,1,4,16,BSAE,76,1,4,BSAE,116,2.543,2,2,4008,40428,2.563
541,3.7, , , , , , ,520,590,1110,2,9,15,BSEP,76,1,4,BSEP,114,3.485,2,2,9604,107717,3.6
542,3.25,31.0810810810811,27,26,25, , , , , ,2,7,16,BSAS,74,1,4,BSA,107,3.301,2,2,10,20692,3.4
543,2.91,34.0782122905028, , , , , ,360,380,740,2,2,12,BSAMS,65,1,1,BSAMS,12,3,3,3,0,31114,3
544,3.95,1.34228187919463,30,28,28,34,16, , , ,2,9,16,BSASP,74,1,4,BSASP,110,3.934,2,2, , ,3.813
545,3.532,26.3157894736842, , , , , ,520,560,1080,2,7,14,BSAE,64,1,1,BSAE,0, ,3,3,2149,31956, 
546,3.56,26.890756302521,25,24,29, , ,460,680,1140,2,7,15,BSAE,76,1,4,BSAE,121,3.137,2,2,19951,165396,3.667
547,3.16, ,22,22,24, , ,510,530,1040,2,7,15,BSAS,72,1,4,BSAS,115,3.037,2,2, , ,3.6
548,3.7, , , , , , ,720,640,1360,2,7,16,BSAE,76,1,4,BSAE,131,3.091,2,2,99999,286210,2.938
549,3.7,10.4575163398693, , , , , ,510,580,1090,2,7,14,BSAS,65,1,1,BSAS,22,4,3,3,14143,105799,4
550,3.08,48.0633802816901, , , , , ,500,490,990,2,7,14,BSAS,78,1,4,BSAMET,120,2.328,2,2,99999,432997,1.846
551,4,.952380952380952,25,30,27, , , , , ,2,7,16,BSME,76,1,4,BSME,133,3.1,2,2,11059,70729,3.438
552,2.67, , , , , , ,540,440,980,2,5,16,BSAS,68,1,2,BSAS,43,2.641,3,3,2914,45472,2.467
553,1.97,88, , , , , ,420,560,980,2,2,15,BSAS,64,1,1,BSAS,6,1.5,3,3,1848,33510, 
554,3,18.6666666666667,22,16,19,26,13,650,520,1170,2,9,17,BSHS,64,1,1,BSHS,3, ,3,3,9395,136786,.385
555,3.7,33.2467532467532, , , , , ,440,500,940,2,7,17,BSAS,76,1,4,NDGRU,128,3.056,2,2,56,15287,2.25
556,3.76, ,25,24,19,27,16,530,450,980,2,7,13,NDCOS,65,1,1,BSCE,19,1.923,3,3,24584,109249,1.923
557,2.96, ,20,14,23, , ,450,530,980,2,7,17,BSAE,65,1,1,BSAE,26,2.412,3,3,69868,85947,2.412
558,3.21, ,25,20,26,29,9,540,490,1030,2,2,16,BSAS,77,1,4,NDUG,144,3.121,2,2,1350,32380,3.133
559,4,.393700787401575,26,29,25,26,11,560,490,1050,2,7,14,BSAE,77,1,4,BSAMET,137,3.769,2,2,10505,76103,3.786
560,1.75, , , , , , ,640,600,1240,2,2,16,BSAS,69,1,3,BSAS,58,2.914,3,3,0,76846,3
561,3,51.6483516483517, , , , , ,440,470,910,2,7,17,BSAS,65,1,1,BSAS,16,3.25,3,3,1568,39318,3.25
562,3.65,19.0909090909091,29,31,29, , ,650,640,1290,1,7,17,BSAE,76,1,4,BSAE,138,3.144,2,2,32177,69849,3.071
563,2.7,37.3737373737374,24,22,24, , ,480,610,1090,2,7,15,NDCOS,64,1,1,NDCOS,0, ,3,3,17868,112623,1.333
564,3.88,12.9151291512915,24,22,26, , ,560,660,1220,2,9,15,BSAE,65,1,2,BSME,42,3.133,3,3,9687,58936,3.133
565,3.42,26.7175572519084,30,29,29,29,17, , , ,2,7,16,BSAS,64,1,1,BSAS,0, ,3,3,20,426,4
566,2.7, , , , , , ,460,400,860,2,5,16,BSAS,74,1,3,BSATM,69,1.958,3,4,762,29237,1.933
567,2.7,44.6875, , , , , ,470,530,1000,2,7,16,BSAS,75,1,4,BSAS,121,3.203,2,2,19493,101419,2.133
568,3.744,11.8181818181818,24,23,25,20,13,520,570,1090,2,7,16,BSAE,74,1,3,BSAE,85,3.641,2,2,11775,104253,3.625
569,3.3,22.0779220779221, , , , , ,470,450,920,2,2,16,BSAS,82,1,4,BSAS,149,3,1,1,0,3280,2.583
570,3.4,19.3370165745856,25,25,23,25,11, , , ,1,7,13,NDCOA,64,1,1,NDCOA,0, ,3,3, , ,.231
571,3.75, ,24,27,24, , ,450,490,940,1,7,16,BSAE,74,1,4,BSCE,135,3.269,2,2,9817,77380,3.188
572,2.59,58.3547557840617, , , , , ,360,500,860,2,5,14,BSATM,72,1,3,BSATM,68,2.014,3,4,4332,59605,1.643
573,2.7, , , , , , ,530,540,1070,2,7,12,BSAE,64,1,1,BSAE,0, ,3,3,25640,107169, 
574,3.3,22.6744186046512, , , , , ,630,700,1330,2,7,16,BSAS,74,1,4,BSAS,112,3.798,2,2,27890,124248,4
575,3.31,17.6, , , , , ,590,580,1170,1,7,16,BSAE,74,1,4,BSAE,142,3.469,2,2,26353,112728,3.625
576,2.7,59.1836734693878, , , , , ,540,680,1220,2,2,14,BSAE,64,1,1,BSAE,0, ,3,3,26469,124788,.3
577,3.34, ,26,25,24,23,16,520,520,1040,2,7,16,BSAS,77,1,4,BSHS,141,3.643,2,2,0,27426,2.833
578,3.42,30.0518134715026, , , , , ,580,610,1190,2,7,15,BSAE,74,1,4,BSBA,126,2.957,2,2,2282,44201,2.583
579,1.91, ,18,17,17,16,11,490,370,860,1,5,16,BSAS,68,1,1,BSAS,24,1.963,3,3,27422,191034,1.8
580,2.88, , , , , , ,460,440,900,2,7,15,BSME,65,1,1,BSME,12,1.917,3,4,10864,69357,1.917
581,3.3,17.6158940397351, , , , , ,550,550,1100,2,2,17,BSAE,74,1,4,BSHFP,123,3.48,2,2,0,15827,2.143
582,2.7, , , , , , ,480,440,920,2,7,14,NDCOS,64,1,1,NDCOS,0, ,3,3,60584,214692,0
583,4,.884955752212389,29,32,29, , ,660,700,1360,2,7,17,BSAE,77,1,4,BSAE,171,3.934,2,2,27907,211000,4
584,2.97, , , , , , ,510,580,1090,2,7,15,BSAS,71,1,2,BSHS,56,1.797,3,4,28586,117430,2.25
585,2.99, , , , , , ,310,560,870,2,4,14,BSATM,76,1,4,BSATM,109,2.585,2,2,0,32492,1.071
586,3.35,24.8633879781421,22,19,24, , ,610,580,1190,2,7,15,BSAE,65,1,1,BSAE,6,1.067,3,4,0,19236,1.067
587,2.49, ,19,17,22,20,8,420,520,940,2,7,16,BSBA,76,1,4,BSAS,131,2.566,2,2, , ,1.133
588,3.3,29.4416243654822,20,18,19, , ,490,500,990,2,9,17,BSAE,65,1,1,BSEE,7,1.286,3,4,4448,43873,1.286
589,3.06,47.7178423236515, , , , , ,550,460,1010,2,7,12,BSAMS,64,1,1,BSAMS,0, ,3,3,9903,64150,1.333
590,3.84,4.72103004291846, , , , , ,460,450,910,2,5,15,BSAE,78,1,4,BSME,147,2.466,2,2,7557,60446,3.2
591,4,.546448087431694,26,29,26, , , , , ,1,7,16,BSAE,71,1,4,BSATM,105,3.683,2,2,7236,67217,2.923
592,3.56,11.9891008174387, , , , , ,490,560,1050,1,7,16,BSSP,76,1,4,BSHFP,118,2.509,3,3,0,37018,2.5
593,2.98,42.9643527204503,18,15,18,18,11,420,390,810,1,4,16,BSAS,82,1,4,BSASP,111,2.32,1,1,4240,50657,1.533
594,3.7, , , , , , ,460,610,1070,2,7,16,BSAE,74,1,4,BSAE,127,2.427,2,2,43129,134579,3.375
595,3.8,8.43694493783304, , , , , ,800,600,1400,2,7,16,BSAS,64,1,1,BSAS,0, ,3,3,42405,155254,4
596,2.88, , , , , , ,450,480,930,2,2,16,BSAS,73,1,4,BSAS,114,2.69,3,3,2569,33890,2.563
597,3.38,23.6619718309859,26,24,28, , , , , ,2,7,16,BSAE,64,1,1,BSAE,0, ,3,3,58586,217505,2.938
598,3.48,20.1117318435754, , , , , ,560,640,1200,2,7,16,BSAE,74,1,4,BSAE,114,3.518,2,2,2515,49187,3.813
599,3.43, ,30,26,29,31,16,640,700,1340,2,7,16,BSAE,74,1,4,BSAE,117,2.906,2,2,14072,105300,3.375
600,2.76,50.1937984496124, , , , , ,420,410,830,2,7,17,BSATM,78,1,4,BSATM,126,2.858,2,2,21506,154901,1.714
601,2.3, ,24,20,25, , ,580,670,1250,2,7,16,NDCOE,79,1,4,BSCE,117,2.11,2,2,94050,330240,1.813
602,2.86, ,24,23,23,26,17,520,530,1050,2,7,16,BSAE,67,1,1,BSAE,3,.75,3,4, , ,.75
603,3, , , , , , ,620,600,1220,2,4,17,BSATM,74,1,4,BSATM,114,3.212,2,2,0,0,2.706
604,3, , , , , , ,420,460,880,2,2,14,BSAE,68,1,1,BSME,23,2.1,3,4,0,32562,2.071
605,2.99,40.1162790697674, , , , , ,300,380,680,2,4,17,BSATM,74,1,4,BSSS,145,3.264,2,2,0,15677,2.471
606,3.21, , , , , , ,510,600,1110,2,9,14,BSAE,76,1,4,BSAE,141,2.946,2,2,14286,95000,3.429
607,3.76,26.8123138033764,29,25,29, , ,630,530,1160,2,7,15,BSAS,75,1,4,BSAS,146,3.417,2,2,99999,438077,2.357
608,3.42,44.6397188049209,15,11,19, , ,400,590,990,2,7,16,NDCOB,75,1,4,BSBA,116,3.121,2,2,14011,77949,2.875
609,3.38, ,28,28,23, , ,610,600,1210,2,2,15,BSAE,65,1,1,BSAE,0, ,3,4,7995,56455,0
610,3.7,6.95410292072323, , , , , ,590,690,1280,2,7,17,BSAE,77,1,4,BSAE,136,3.26,2,2,14090,123525,3.353
611,3.6, , , , , , ,500,520,1020,2,2,16,BSAS,64,1,1,BSAS,1,1,3,3,3735,60473, 
612,2.96,46.9314079422383, , , , , ,470,480,950,2,7,16,BSAS,64,1,1,BSAS,0, ,3,3,1470,36138,1.625
613,3.01,41.2698412698413,24,19,30, , ,450,650,1100,2,7,16,BSAE,68,1,3,BSAE,77,2.766,3,3,3651,48240,3.125
614,3.16,40.9356725146199,26,25,26,25,14, , , ,2,4,12,BSAMS,76,1,4,BSCM,132,2.982,2,2,22089,192000,2.417
615,3.41,27.7777777777778,20,19,25,20,7,430,500,930,2,7,17,BSAS,75,1,4,BSATM,121,2.613,2,2,1710,51789,1.154
616,2.7,67.4107142857143, , , , , ,200,200,400,2,7,16,BSHS,76,1,4,BSHS,110,2.807,2,2,52224,194990,2.813
617,2.69,27.5109170305677, , , , , ,420,450,870,2,7,17,BSAS,74,1,4,BSAS,111,3.045,2,2,11331,65587,2.077
618,2.9,58.7234042553191, , , , , ,490,610,1100,2,9,16,BSAE,67,1,1,BSBA,10,1.2,3,3,628,26076,1.615
619,3.59, , , , , , ,440,550,990,1,2,17,BSAE,75,1,4,BSAE,127,3.047,2,2,86609,188492,2.882
620,3.21,40.7624633431085,29,31,25,31,16, , , ,2,7,16,BSAE,65,1,2,BSAE,30,2.188,3,3,1450,42140,2.188
621,2.07,69.4516971279373, , , , , ,460,410,870,2,7,12,BSAMS,77,1,4,BSA,123,2.233,2,2,15686,93415,2
622,2.81, , , , , , ,410,590,1000,2,4,17,BSATM,65,1,1,BSATM,11,1.5,3,3,42,22679,1.5
623,2.75,48.0701754385965,22,25,19, , ,440,450,890,1,9,16,NDCOB,73,1,4,BSA,107,2.364,2,2,12116,109960,2.154
624,3.7,9.66666666666667, , , , , ,480,580,1060,2,7,17,BSAE,65,1,1,BSAE,20,2.941,3,3,69725,259062,2.941
625,3.61,29.6352583586626, , , , , ,480,520,1000,2,7,16,BSAS,75,1,4,BSAS,128,3.504,2,2,23965,99826,3.063
626,3.4,29.2307692307692,29,28,24,28,17, , , ,2,7,17,BSAE,74,1,4,BSCE,128,3.322,2,2,1511,31707,2.941
627,4,5.69620253164557,32,31,33,33,16, , , ,2,7,16,BSAE,74,1,4,BSAE,126,4,2,2,29533,72560,4
628,3.3,22.7642276422764, , , , , ,660,560,1220,1,7,14,BSAE,67,1,2,BSHFP,40,2.818,3,3,3151,45335,2.154
629,3.82,5.77777777777778,28,32,30,24,13,500,620,1120,1,7,16,BSAE,74,1,4,BSAE,141,3.109,2,2,2519,46930,3.375
630,3.85,11.4795918367347,29,33,26,25,18, , , ,1,7,16,BSSP,65,1,1,BSSP,16,2.375,3,3,23140,103099,2.375
631,3.91, ,33,33,30,34,18,660,590,1250,1,7,15,BSAE,71,1,4,BSAE,139,3.413,2,2,23566,155795,3.733
632,2.81,35.1612903225806,20,19,21, , ,500,520,1020,2,7,15,BSCIV,73,1,4,BSCIV,157,2.872,2,2,33085,115257,2.933
633,3.26,13.128038897893,21,17,23, , ,520,520,1040,2,4,15,BSAE,76,1,4,BSAE,134,2.872,2,2,0,22869,2.917
634,2.7, , , , , , ,290,310,600,2,5,14,BSBA,81,1,4,BSA,106,2.11,3,3, , ,1.308
635,3.84,2.88184438040346,27,23,30, , , , , ,2,7,17,BSAE,77,1,4,BSAE,147,3.06,2,2,34789,123000,3.059
636,3.8,1.42857142857143, , , , , ,630,730,1360,2,5,16,BSCE,73,1,4,BSCE,126,3.699,2,2,53391,201840,3.75
637,2.15,71.5736040609137, , , , , ,460,500,960,2,7,16,BSAS,80,1,4,BSAS,123,2.36,3,3, , ,1.867
638,2.7,55.2325581395349, , , , , ,470,550,1020,1,7,16,BSAS,75,1,4,BSAS,119,3.246,2,2,400,8598,2.188
639,3.6, , , , , , ,370,520,890,2,5,16,BSAE,71,1,1,BSAE,20,2.45,3,3,2623,48786, 
640,3.95,2.7972027972028, , , , , ,650,710,1360,2,7,16,BSAE,74,1,4,BSAE,126,4,2,2,6877,63539,4
641,3.75, , , , , , ,510,570,1080,2,7,16,BSAS,74,1,4,BSAS,113,3.6,2,2,55023,170481,3
642,2.89, ,25,20,26, , ,580,550,1130,2,7,14,BSAE,66,1,1,BSAE,14,1.444,3,4,8571,54483,1.214
643,2.42,50.8771929824561, , , , , ,470,590,1060,2,7,16,BSEP,79,1,4,BSEP,126,2.79,3,4, , ,3.438
644,3.46, ,27,29,26, , ,560,690,1250,2,7,16,BSSE,74,1,4,BSSE,116,3.3,1,1,40515,152150,3.625
645,3.23,8.41423948220065, , , , , ,550,480,1030,2,2,16,BSHS,79,1,4,BSHS,117,2.93,2,2,1402,30384,3.063
646,3.4,15.6822810590631,24,26,25, , ,470,560,1030,1,7,15,BSASP,74,1,4,BSASP,121,3.385,2,2,18335,182306,3.6
647,3.58, , , , , , ,580,500,1080,2,7,16,BSAS,66,1,1,BSAS,27,1.852,3,3,5765,75281,1.933
648,2.38, , , , , , ,370,380,750,2,5,15,BSAS,68,1,2,BSHS,38,1.895,3,3, ,0,1.357
649,3.76,11.0429447852761,23,22,26, , ,500,650,1150,2,7,17,BSAE,65,1,1,BSAE,24,3.647,3,3,797,33887,3.647
650,3,42.2651933701657,26,25,29,25,14,510,560,1070,2,7,16,BSAE,75,1,3,BSCS,82,2.056,3,4,28483,215603,2.875
651,2.6, , , , , , ,430,410,840,1,7,14,BSAMET,64,1,1,BSAMET,0, ,3,3,2406,37973, 
652,3.52,81.9875776397515, , , , , ,550,630,1180,2,4,17,BSAE,80,1,4,BSEE,139,2.85,2,2, , ,2.353
653,4,3.37837837837838,29,27,32,28,16,660,640,1300,1,7,16,BSCIV,74,1,4,BSCIV,132,3.885,2,2,20424,100405,3.813
654,2.87,36.3376251788269,20,15,19,22,10, , , ,2,2,15,BSAS,76,1,4,BSA,118,2.568,2,2,5236,73837,3
655,3.06,24.5059288537549,20,20,22, , ,450,500,950,2,2,15,BSATM,64,1,1,BSATM,0, ,3,3,7101,75545,2.8
656,3.24,57.8947368421053, , , , , ,570,450,1020,2,7,16,BSAS,68,1,2,BSHS,39,2.071,3,3,5076,73537,2.2
657,3.3,17.6623376623377,25,22,25,27,15,560,610,1170,2,7,16,BSATM,73,1,4,BSATM,106,2.851,2,2,19225,170604,3.625
658,2.7, ,12,18,15,5,3,440,400,840,2,5,16,BSAE,67,1,1,BSAE,18,1.619,3,4,34551,164319,1.833
659,3.7,23.5714285714286, , , , , ,400,650,1050,2,4,16,BSAE,67,1,3,BSAE,62,2.4,3,3, , ,3
660,3.75, , , , , , ,530,510,1040,2,5,15,BSAS,65,1,1,BSAS,20,1.929,3,3,520,26220,2.357
661,3.28, ,22,23,23, , , , , ,2,7,15,BSAS,74,1,4,BSHS,144,3.471,2,2,6662,63590,3.286
662,4,15.3985507246377, , , , , ,530,550,1080,2,7,13,BSAE,76,1,4,BSAE,144,3.877,2,2, , ,3.769
663,2.9, ,21,26,18, , , , , ,2,7,17,BSATM,64,1,1,BSATM,0, ,3,3, , , 
664,3.75, ,16,14,15,16,11,460,390,850,2,7,16,BSAS,64,1,1,BSAS,0, ,3,3,541,31984,.267
665,3.45,18.705035971223, , , , , ,440,540,980,2,7,16,BSAS,75,1,4,BSAS,122,3.358,2,2,22282,136575,2.467
666,3.96,1.91938579654511, , , , , ,610,800,1410,2,7,16,BSAS,74,1,4,BSAS,124,3.849,2,2,64027,244892,3.8
667,3, , , , , , ,570,530,1100,2,2,16,NDCOB,74,1,4,BSATM,113,3.168,2,2,99999,407058,2.813
668,3.7,2.11267605633803, , , , , ,520,630,1150,1,7,16,BSSP,74,1,4,BSSP,111,3.233,2,2,3118,60280,3.583
669,2.783,9.05730129390018, , , , , ,470,520,990,2,2,17,BSASP,74,1,4,BSSS,115,2.538,2,2,0,22969,1.824
670,3.44, , , , , , ,690,600,1290,2,7,17,BSAS,74,1,4,BSASP,129,3.663,2,2, , ,3.615
671,3.7,22.1498371335505, , , , , ,560,430,990,2,7,16,BSAS,74,1,4,BSATM,108,3.127,2,2,2632,42789,3.067
672,2.36,60.2409638554217, , , , , ,450,540,990,2,7,14,BSAS,82,1,4,BSAS,121,2.34,1,1,35959,88258,2
673,4,2.32067510548523,23,22,27,18,13,460,570,1030,2,7,15,BSAS,64,1,1,BSAS,0, ,3,3,25971,129231,3.286
674,3.27,30.6620209059233, , , , , ,490,520,1010,2,7,16,BSAS,65,1,1,BSAS,16,2.25,3,3,6103,91195,2.25
675,3.3,23.6363636363636, , , , , ,480,500,980,2,2,16,BSAE,65,1,1,BSAE,9,1.4,3,3,0,18191,1.5
676,2.79,61.4314115308151,21,17,22,23,11,480,610,1090,2,7,14,BSAMS,64,1,1,BSAMS,0, ,3,3,29295,168698,.5
677,3.37,27.1356783919598,20,22,21,17,9, , , ,2,7,17,BSME,65,1,1,BSME,10,1.462,3,3,12259,115750,1.462
678,3.21,48.1707317073171,20,19,18, , , , , ,2,9,14,BSAS,74,1,4,BSHS,104,2.711,2,2,0,5396,1.846
679,2.846,52.9891304347826, , , , , ,600,600,1200,2,7,15,BSAE,64,1,1,BSAE,0, ,3,3,51583,144314, 
680,3.7,18.9473684210526,28,31,24,27,18,620,540,1160,1,7,17,BSAE,65,1,1,BSAE,11,1.5,3,3,40534,160181,1.5
681,3.51,15.4440154440154, , , , , ,630,650,1280,2,7,16,BSAE,76,1,4,BSAE,132,3.773,2,2, , ,3.5
682,2.82,27.6315789473684,19,16,17, , , , , ,1,2,16,BSAS,64,1,1,BSAS,0, ,3,3,2857,29551, 
683,3.3,7.05128205128205,24,25,24,24,11,560,590,1150,2,2,16,BSAS,76,1,4,BSAS,117,3.017,2,2,1074,33209,2.467
684,3.22,23.9583333333333, , , , , ,600,570,1170,1,7,16,BSME,64,1,1,BSME,5,3,3,3,0,22624,1.4
685,2.95,45.0643776824034, , , , , ,570,570,1140,2,7,15,BSME,64,1,1,BSME,0, ,3,3, , ,.438
686,3.9, , , , , , ,380,460,840,2,2,16,BSCE,65,1,1,BSCE,16,3.563,3,3,0,19800,3.563
687,3.09,49.6428571428571, , , , , ,500,490,990,1,2,16,BSBC,72,1,3,BSBC,71,2.662,3,3,538,26862,1.313
688,3.02,49.7175141242938, , , , , ,590,670,1260,2,7,17,BSAS,65,1,1,BSAS,20,3.063,3,3,66831,341202,3.063
689,3.25, , , , , , ,380,640,1020,2,4,16,NDCOS,82,1,3,BSA,66,3.53,1,1, , ,0
690,4,1.96399345335516, , , , , ,460,560,1020,1,2,16,BSAS,64,1,1,BSAS,0, ,3,3,3111,47539,3
691,3.17,8.57787810383747,28,27,28, , ,580,710,1290,2,7,16,NDCOE,68,1,2,NDCOE,55,3.551,3,3,8741,62765,3.063
692,3.9,8.96057347670251, , , , , ,540,640,1180,1,7,16,BSAE,68,1,2,BSAE,57,2.903,3,3,69299,183460,1.462
693,3.05, , , , , , ,410,570,980,2,5,17,BSAS,74,1,4,BSAS,124,3.62,2,2,7131,70925,3.471
694,3.98,11.0655737704918,32,35,32, , ,550,780,1330,2,7,17,BSAE,76,1,4,BSAE,122,3.122,2,2,43004,111691,3
695,2.68,36.8098159509202, , , , , ,520,560,1080,2,7,16,BSAS,76,1,4,BSA,117,2.676,2,2,20712,154632,3.063
696,3.81,4.49826989619377,25,22,31,27,8,510,700,1210,2,3,16,BSAE,65,1,1,BSAE,16,3.077,3,3,5837,73830,3.077
697,3.47, ,24,22,24, , , , , ,2,7,15,BSAS,74,1,4,BSHS,114,3.171,2,2,9760,80904,2.714
698,3.41,49.6402877697842, , , , , ,590,460,1050,2,7,14,BSAS,76,1,4,BSA,127,2.412,2,2,7,27380,1.357
699,3.63,21.8905472636816,20,15,26, , ,360,540,900,1,7,15,BSAE,76,1,4,BSAE,135,2.779,2,2,12836,147652,3
700,2.9,53.8116591928251,19,18,21, , , , , ,2,7,14,BSAS,76,1,4,BSAS,125,3.542,2,2,52881,181500,3.538
701,3.21,46.0028050490884,18,17,21, , ,440,460,900,2,7,16,BSBA,76,1,4,BSBA,109,2.734,2,2,47147,174625,2.125
702,3.9, ,26,26,25,24,14,580,590,1170,1,7,16,BSAE,68,1,2,BSAE,44,2.553,3,3,0,34671,2.25
703,3.75, ,29,28,27,30,17,620,650,1270,2,7,16,BSAE,76,1,4,BSAE,123,3.125,2,2,49358,109122,3.688
704,3.51,11.6033755274262,24,24,22, , ,570,580,1150,1,7,14,BSAS,74,1,4,BSA,109,3.522,2,2, , ,3
705,3.01,19.620253164557, , , , , ,460,570,1030,2,2,15,BSAE,80,1,4,BSHFP,115,2.56,2,2,994,33413,2.4
706,3.2, , , , , , ,590,540,1130,2,2,16,BSAE,68,1,1,BSAE,19,1.375,3,4, , ,1.563
707,3.04, , , , , , ,470,580,1050,2,7,16,BSAE,64,1,1,BSAE,3, ,3,3,96514,158000,.429
708,3.32,17.3913043478261, , , , , ,510,530,1040,2,4,13,NDCOS,66,1,1,NDCOS,23,1.815,3,4,8627,73441,1.385
709,3.6,16.7192429022082, , , , , ,580,550,1130,2,7,16,BSAMET,74,1,4,BSAMET,100,2.436,3,3,4664,48140,3.563
710,3.46,5.20231213872832,23,18,27, , ,520,500,1020,2,7,17,BSAE,73,1,4,BSHS,120,3.875,2,2,99999,358088,3.6
711,2.9, , , , , , ,450,410,860,2,9,17,BSAS,65,1,1,BSAS,16,1.938,3,3,26229,137559,1.938
712,3.94,9.41176470588235, , , , , ,600,570,1170,2,7,17,BSAS,74,1,4,BSHS,115,2.922,2,2,441,31364,2.538
713,2.59, , , , , , ,590,480,1070,2,5,17,BSAS,65,1,1,BSAS,12,1.733,3,3,0,16408,1.733
714,3.01,61.5183246073298, , , , , ,500,530,1030,2,7,15,BSAE,67,1,1,BSAE,24,1.645,3,4,32632,75916,3.2
715,3.54,1.5748031496063, , , , , ,600,680,1280,2,4,16,BSAS,73,1,4,BSAS,126,3.811,2,2, , ,3.813
716,3.88, ,29,22,27, , ,490,630,1120,2,7,16,BSAE,76,1,4,BSAE,119,2.725,2,2,62396,131180,1.938
717,3.76,4.70588235294118, , , , , ,630,650,1280,1,7,17,BSAS,74,1,4,BSHS,118,3.704,2,2,0,30016,3.313
718,3.67,11.3861386138614, , , , , ,590,680,1270,2,9,16,BSAE,74,1,4,BSHS,111,3.134,2,2,15158,99149,3.25
719,2.7,48.9855072463768, , , , , ,400,410,810,2,7,17,BSAS,74,1,4,BSHS,121,2.887,2,2,14034,122486,1.75
720,2.3, ,22,20,26, , , , , ,2,7,16,BSAS,78,1,4,BSA,119,2.355,2,2, , ,2.067
721,3.23,45.6185567010309,19,15,20, , ,450,480,930,2,9,16,NDCOS,68,1,1,NDCOS,25,1.649,3,4,42700,2260,1.6
722,3.55, , , , , , ,430,570,1000,2,5,17,BSAE,82,1,4,BSME,95,2.79,1,1, , ,2.643
723,3, , , , , , ,530,610,1140,1,7,16,BSAE,68,1,2,BSAE,47,1.929,3,3,28780,131544,2.385
724,2.78,71.6417910447761,21,19,23, , ,400,510,910,2,9,17,BSAS,74,1,4,BSAS,107,3.402,2,2,47600,173120,3.188
725,2.59, ,25,31,20,23,15,590,420,1010,2,7,14,NDCOA,67,1,1,BSAS,26,2.577,3,3, ,0,1.692
726,2.72, , , , , , ,350,410,760,2,7,14,BSASP,77,1,4,BSASP,96,2.162,3,3,91517,210015,2.5
727,3.61,11.2068965517241,32,34,33, , ,660,740,1400,2,7,17,BSAE,75,1,4,BSHS,128,3.236,2,2,2706,47407,3.286
728,3.11,41.3793103448276, , , , , ,430,490,920,2,9,12,BSAMS,77,1,4,BSAMS,126,2.593,2,2,53018,199824,2.25
729,2.83,67.4242424242424, , , , , ,510,560,1070,2,5,16,BSAE,67,1,1,BSAE,19,2.316,3,3,52496,162895,1.313
730,2.81, , , , , , ,510,530,1040,2,7,16,BSAS,74,1,4,BSA,105,2.776,2,2,62211,306080,1.938
731,3.28,26.8221574344023,27,27,26,26,14, , , ,2,7,16,BSAE,78,1,4,BSHFP,117,2.627,2,2,10127,129521,2.813
732,3.4,17.1073094867807, , , , , ,460,520,980,1,7,16,BSAS,72,1,4,BSA,114,3.143,2,2,2115,58911,3.067
733,2.89, , , , , , ,420,650,1070,2,7,16,BSAE,79,1,4,BSAE,123,3.05,2,2,517,23854,2.875
734,3.9,6.20689655172414,23,25,22,20,11,550,460,1010,1,7,16,BSAE,77,1,4,BSAE,128,2.621,2,2,41363,118730,2.625
735,2.75, ,19,18,17, , , , , ,2,7,14,BSAS,64,1,1,BSAS,0, ,3,3,24855,103100,2.1
736,2.7, ,20,19,21, , ,490,480,970,2,4,15,BSASP,74,1,4,BSHS,114,2.962,2,2,76513,152616,2.733
737,3.21,35.894495412844,26,19,22,27, , , , ,2,7,16,BSAE,74,1,4,BSATM,115,3.128,2,2, , ,1.692
738,3.48,22.2672064777328, , , , , ,510,450,960,2,7,17,BSAS,67,1,1,BSAS,17,2,3,4,16615,88388,1.375
739,2.57,83.2214765100671, , , , , , , , ,2,2,12,BSAMS,64,1,1,BSAMS,0, ,3,3, , , 
740,2.25, ,27,25,24, , ,620,630,1250,2,9,12,BSAS,67,1,1,BSAMS,22,1.792,3,4,83760,201300,1.75
741,3.64,10.9704641350211, , , , , ,520,670,1190,1,7,17,BSASP,74,1,4,BSASP,123,3.635,2,2,7739,74029,3.118
742,3.4, , , , , , ,600,630,1230,2,7,16,BSAS,75,1,4,BSAS,125,3.702,2,2,99999,210474,3.8
743,2.75,58.5766423357664, , , , , ,380,490,870,1,7,14,BSAS,76,1,4,BSATM,115,2.217,2,2,56567,204767,1.154
744,4,.346020761245675,33,30,35,34,17,620,730,1350,2,4,17,BSAE,76,1,4,BSAE,140,3.838,2,2, , ,3.353
745,3.38, ,22,18,27,20,10, , , ,2,7,16,BSAS,82,1,4,BSATM,88,2.26,1,1,6909,72373,1.933
746,3.7,21.3523131672598, , , , , ,550,550,1100,1,7,15,BSAMET,68,1,2,BSAMET,36,2.4,3,3,4622,56896,3
747,3.41, ,24,22,25, , , , , ,2,7,17,NDCOS,76,1,4,BSAE,139,3.548,2,2,5426,47203,3.588
748,3.75,52.773826458037, , , , , ,560,650,1210,2,5,16,BSAE,76,1,4,BSAE,123,2.725,2,2,400,23023,3.688
749,3.68,47.0837751855779, , , , , ,480,500,980,2,5,13,BSAS,65,1,1,BSAS,6,.75,3,4,3565,64244,.75
750,2.27,89.2617449664429,19,19,17, , , , , ,2,7,16,BSASP,78,1,4,BSASP,120,2.235,2,2,13444,113080,2.533
751,2.55,66.4516129032258, , , , , ,410,590,1000,2,7,14,BSEP,65,1,1,BSEP,13,1.294,3,4,47264,245172,.769
752,2.98,30.7042253521127,19,20,19,22,7, , , ,2,7,12,BSAMS,64,1,1,BSAMS,0, ,3,3,5729,43514,1
753,3.18,42.8571428571429, , , , , ,460,580,1040,2,7,15,BSAE,76,1,4,BSHFP,120,3.175,2,2,58499,242730,2.583
754,2.55,76.4705882352941, , , , , ,540,500,1040,2,7,12,BSAS,65,1,1,BSAS,18,3.25,3,3,8090,27834,3.25
755,2.91, , , , , , ,540,550,1090,2,5,16,BSAE,76,1,4,BSAE,102,2.922,3,3,4204,52017,2.563
756,3.55, , , , , , ,650,630,1280,2,2,16,BSAE,65,1,1,BSAE,16,3.813,3,3,9836,95346,3.813
757,2.89, ,24,21,27, , ,520,570,1090,2,7,17,BSCE,64,1,1,BSCE,0, ,3,3, , ,2.647
758,3.09, , , , , , ,560,600,1160,2,7,15,BSAS,74,1,4,BSHS,109,2.759,2,2, , ,1.267
759,3.42,10.5263157894737,21,20,24, , ,530,600,1130,2,7,16,BSAE,77,1,4,BSAE,114,2.412,2,2,4753,45040,2.375
760,2.66,51.3432835820896, , , , , ,400,410,810,2,7,15,BSAS,65,1,1,BSAS,14,1.929,3,3,8174,61687,1.8
761,3.53,27.5434243176179,24,23,26, , ,600,580,1180,2,7,16,BSSE,74,1,4,BSSE,115,3.275,2,2,26614,115194,2.938
762,3.7, ,27,26,28, , ,560,510,1070,2,7,15,BSSP,74,1,4,BSCM,118,2.567,2,2,21063,99690,3
763,3.17,20.9375,23,22,18,26,13,490,520,1010,2,7,15,BSAE,64,1,1,BSAE,0, ,3,3,8800,68336,2.583
764,2.88,50.974025974026, , , , , ,440,490,930,2,7,14,BSAS,79,1,4,BSAS,122,2.55,3,3,19961,98643,2.846
765,3,45.1456310679612, , , , , ,520,570,1090,2,7,16,BSCIV,65,1,2,BSCIV,29,2.875,3,3,8136,107806,2.875
766,3.55,11.3350125944584,23,22,20, , ,540,500,1040,1,5,15,NDCOE,76,1,4,BSAE,130,2.685,2,2,24480,96818,2.667
767,3.28,25.9168704156479,20,18,25,21,6, , , ,2,7,16,BSAE,77,1,4,BSCIV,125,2.708,2,2,850,42607,1.938
768,3.98,20.0913242009132,29,29,29,29,14,610,680,1290,2,7,16,BSAS,65,1,1,BSAS,27.9,3.267,3,3,23110,164070,3.267
769,2.93,39.6551724137931, , , , , ,490,530,1020,2,7,16,BSAS,67,1,1,BSAS,18,1.381,3,3,27723,129701,1.333
770,2.78,34.5351043643264,17,14,18,21,10, , , ,2,5,12,BSAS,72,1,3,BSA,83,3.113,3,3,18349,134680,2.364
771,3.24,10.5263157894737,28,25,32,30,15,560,600,1160,2,7,16,BSAE,65,1,1,BSAE,20,2.438,3,3,17702,95515,2.438
772,3.96, ,26,21,24, , ,540,560,1100,2,7,12,BSME,68,1,2,BSAMS,36,3.694,3,3,2924,25976,3.833
773,3.11, , , , , , ,500,530,1030,2,7,14,BSAS,65,1,1,BSAS,10,1.462,2,2, , ,1.462
774,3.43,7.19063545150502,25,22,28, , ,580,730,1310,2,4,16,BSAS,77,1,4,BSATM,136,3.813,2,2,3383,63835,3.6
775,3.7,24.7457627118644,24,23,25,23,12,450,490,940,2,7,16,BSAS,74,1,4,BSAS,106,3.33,2,2,0,20215,3.467
776,2.24,81.1715481171548, , , , , ,560,540,1100,2,7,15,BSAE,72,1,4,BSAE,100,2.786,3,3,26033,125483,3.667
777,2.98,60.9120521172638, , , , , ,370,410,780,2,7,13,BSHS,64,1,1,BSHS,0, ,3,3,0,19605,.231
778,2.66, , , , , , ,510,570,1080,1,5,14,BSAE,77,1,4,BSEE,153,2.971,2,2,1272,28278,2.571
779,3.6,8.10810810810811,27,26,25,30,17, , , ,2,7,17,BSEE,65,1,1,BSEE,20,2.941,3,3,2601,47611,2.941
780,2.71, , , , , , ,360,380,740,2,4,14,BSAS,82,1,4,BSATM,112,2.69,1,1,0,12000,2.357
781,4,10,27,27,28, , , , , ,1,7,13,BSAE,74,1,4,BSAE,124,3.148,2,2,8195,80970,3.385
782,3.1, ,20,17,20, , ,400,470,870,2,7,13,BSBA,75,1,4,BSBA,115,3.063,2,2,35,23553,3.077
783,2.7, , , , , , ,440,520,960,1,7,16,NDCOE,75,1,4,BSHFP,136.5,2.984,2,2,6281,59276,2.5
784,2.94, ,19,17,25,18,9,370,500,870,2,2,16,BSAS,74,1,4,BSATM,117,2.761,2,2,29320,110173,1.4
785,2.65, , , , , , ,540,510,1050,2,5,12,BSAS,64,1,1,BSAS,6, ,3,3,1012,31845, 
786,3.84, , , , , , ,560,640,1200,2,7,16,BSAE,74,1,4,BSAE,125,3.707,2,2,17853,95000,4
787,2.89,79.6116504854369,23,21,27, , ,500,570,1070,2,7,15,BSEP,78,1,4,BSEP,134,2,2,2,33344,104229,2.867
788,3.52, , , , , , ,340,550,890,2,4,12,BSAMS,70,1,2,BSAMS,57,3.137,3,3,4432,57651,3.333
789,2.92, , , , , , ,600,530,1130,2,4,16,BSAE,71,1,2,BSAE,44,1.962,3,4,17685,96500,1.692
790,2.8, ,23,19,26, , ,530,650,1180,2,7,16,BSAE,79,1,4,BSAE,119,2.6,2,2,229,1427,2.75
791,3.77,10.9489051094891,21,17,24,24,9, , , ,2,7,17,BSAE,76,1,4,BSAE,120,3.275,2,2,15558,89858,3.714
792,2.35, ,29,26,28, , , , , ,2,9,16,BSAMET,65,1,1,BSAMET,21,2.25,3,3,16496,84542,2.25
793,2.77,62.3529411764706, , , , , ,370,400,770,2,2,14,BSAS,76,1,4,BSATM,97,2.204,3,3,21519,115353,1.769
794,2.71, , , , , , ,460,500,960,2,4,17,BSAE,65,1,1,BSAE,6,.882,3,4,25447,142244,.882
795,2.81,51.5060240963855,22,16,26,23,14,510,580,1090,2,7,16,BSATM,64,1,1,BSATM,0, ,3,3, , ,0
796,2.92,37.7176015473888, , , , , ,520,550,1070,2,7,17,BSAS,65,1,1,BSAS,9,.692,3,4,0,24096,.643
797,3,39.873417721519, , , , , ,400,500,900,2,2,13,BSAE,81,1,4,BSAE,143,2.33,2,2,0,21703,2.769
798,2.41, , , , , , ,600,630,1230,2,9,15,BSEE,67,1,1,BSEE,20,1.652,3,4, , ,1.333
799,3.75,4.71464019851117,27,26,29, , ,580,670,1250,2,7,17,BSAE,76,1,4,BSME,139,3.311,2,2,15353,82199,2.647
800,3.45, , , , , , ,520,520,1040,2,7,15,NDCOE,68,1,1,BSBA,26,2.03,3,3, , ,2.583
801,3.35,17.7018633540373,22,24,21, , ,480,590,1070,2,7,17,BSCE,65,1,1,BSCS,8,1.571,3,3,1492,34283,1.571
802,3.86, , , , , , ,550,650,1200,2,7,16,BSAS,77,1,4,BSME,160,3.672,2,2, , ,4
803,3.23,25,23,22,20,23,14,550,470,1020,2,7,16,NDCOS,68,1,2,BSHS,46,3.217,3,3,6251,55874,3.063
804,3.81,5.11727078891258, , , , , ,510,540,1050,2,4,16,BSAE,64,1,1,BSAE,0, ,3,3,6701,57689, 
805,2.98, , , , , , ,450,430,880,2,2,15,BSAE,65,1,1,BSAE,9,1.667,3,3,0,21353,1.667
806,3.77,12.1212121212121,32,29,35,31,16,630,760,1390,2,7,16,BSAE,65,1,1,BSAE,26,3.563,3,3,19521,149941,3.563
807,2.8, , , , , , ,440,420,860,2,2,16,BSAS,73,1,3,BSAS,80,2,3,4,4897,58657,1.8
808,2.42, , , , , , ,560,630,1190,1,5,15,BSME,67,1,2,BSME,30,2.833,3,3,12548,86728,3.067
809,2.34, ,16,18,19, , ,370,490,860,2,5,15,BSAE,66,1,1,BSAE,15,1.619,3,4,0,13838,1.25
810,2.7,57.4614065180103, , , , , ,570,480,1050,2,7,16,BSAS,64,1,1,BSAS,0, ,3,3,26541,112635,.5
811,2.96, , , , , , ,390,550,940,2,4,17,BSATM,75,1,4,BSATM,116,2.431,2,2,11674,78820,1.588
812,3.1, , , , , , ,660,470,1130,2,7,16,BSME,74,1,4,BSHS,108,3.243,2,2, , ,3.154
813,2.41,92.1146953405018, , , , , ,550,500,1050,2,7,16,BSAS,68,1,1,BSAS,12,1.048,3,4,57202,216786,.533
814,3.16,54.2,23,19,26, , ,560,640,1200,2,7,15,BSAS,73,1,4,BSA,117,3.204,2,2,52463,141200,3.214
815,3.42,10.0787401574803, , , , , ,680,600,1280,2,7,12,BSAMS,68,1,3,BSAMS,78,4,3,3,5715,80186,4
816,3.63,8.85416666666667,21,17,23,24,8,470,500,970,2,7,15,BSATM,74,1,4,BSATM,114,2.956,2,2,49035,186249,2.867
817,3.7,22.1052631578947,29,25,32, , ,590,750,1340,2,7,17,BSAS,74,1,4,BSAS,118,3.83,2,2,56711,100556,3.688
818,3.36,20.7006369426752,18,14,25, , , , , ,1,7,14,BSAS,75,1,4,BSAS,138,2.883,2,2,64504,232810,2
819,3.73,38.1818181818182, , , , , ,500,570,1070,2,7,16,NDCOS,77,1,4,BSAS,124,3.457,2,2,22113,105187,3.438
820,2.48,68.5920577617328, , , , , ,490,630,1120,2,7,15,BSAE,77,1,4,BSAE,130,2.927,2,2,1777,43539,3.8
821,3.22,38.9380530973451, , , , , ,570,610,1180,2,7,16,BSAS,68,1,2,BSAS,46,3.63,3,3,14117,115544,3.267
822,3.25,27.906976744186, , , , , ,440,540,980,2,7,15,BSAS,74,1,4,BSATM,109,2.596,2,2,35052,135134,2.364
823,3.34,40.1869158878505, , , , , ,500,470,970,2,7,15,BSASP,73,1,4,BSHFP,114,2.737,2,2,18332,100327,2.5
824,3.1,21.875, , , , , ,580,490,1070,1,7,15,BSSP,70,1,2,BSBC,42,1.735,3,4,4093,50894,2.267
825,2.7, , , , , , ,360,410,770,2,7,12,BSAMS,65,1,1,BSAMS,9,2.333,3,3,24215,113070,2.333
826,3.5,31.4285714285714,26,25,25, , ,600,550,1150,1,7,16,BSAMET,74,1,4,BSATM,107,3.37,2,2,9945,106488,2.688
827,3.3, , , , , , ,580,520,1100,2,7,16,BSAS,74,1,4,BSHS,138,3.641,2,2,16095,56825,2.8
828,3.36, ,25,25,23,27,13,520,530,1050,2,7,17,BSHS,74,1,4,BSHS,121,3.261,2,2,17311,85376,2.941
829,3.14,25.1141552511416, , , , , ,600,510,1110,2,7,16,BSAS,71,1,2,BSATM,54,2.561,3,3,3910,38154,2.733
830,2.94,49.0506329113924, , , , , ,540,670,1210,1,7,13,BSAS,74,1,4,BSATM,108,3.241,2,2,110,17102,2.917
831,2.01, , , , , , ,600,660,1260,2,4,16,BSAE,65,1,1,BSAE,12,3,3,3, , ,3
832,2.9,49.3573264781491,16,14,16,18,9,420,400,820,2,2,16,BSASP,65,1,1,BSASP,13,2.063,3,3,21553,93474,2.063
833,3.02,17.2764227642276,22,22,23,20,9,460,520,980,2,7,15,NDCOE,65,1,1,NDCOE,15,2.8,3,3,59353,79391,2.8
834,3.3, , , , , , ,630,700,1330,2,5,16,BSAE,65,1,1,BSAE,20,3.188,3,3,0,21514,3.188
835,3.72,10.5932203389831, , , , , ,630,710,1340,2,7,17,BSAE,64,1,1,BSAE,0, ,3,3,109,35582,1.571
836,3.01,51.5850144092219, , , , , ,520,500,1020,2,7,13,BSAS,74,1,4,BSAS,111,2.629,2,2,59084,134136,2.5
837,3.94,4.02010050251256,24,24,20,25,15,540,450,990,1,7,17,BSAS,71,1,4,BSAS,135,3.327,2,2,15507,88955,2.647
838,3.82,4.59770114942529,26,25,28, , , , , ,2,7,15,BSAS,69,1,4,BSAS,116,3.824,2,2,9884,83428,4
839,3.11, , , , , , ,640,760,1400,2,7,16,BSAE,65,1,1,BSAE,20,1.5,3,4,25568,99631,1.5
840,2.628, , , , , , ,510,650,1160,2,7,12,BSAMS,67,1,2,BSAMS,36,4,3,3,78735,378500,4
841,2.7,42.5641025641026, , , , , ,320,410,730,2,4,14,NDCOS,68,1,1,NDCOS,10,.962,3,4,5767,70640,1.214
842,2.18,77.6315789473684, , , , , ,440,520,960,2,5,13,BSAS,65,1,1,BSAS,4,.846,3,4,13023,81407,.846
843,2.39,56.7521367521367,26,26,26,26,13, , , ,2,7,16,BSAS,65,1,1,BSAS,18,2.867,3,3,26238,116846,2.867
844,2.6, , , , , , ,480,440,920,2,7,13,BSAS,75,1,4,BSATM,117,3.111,2,2, , ,2.778
845,3.68, , , , , , ,540,600,1140,2,7,15,NDCOS,65,1,1,NDCOS,15,3.067,3,3,32770,129568,3.067
846,3.77,12.7272727272727, , , , , ,540,620,1160,1,7,14,BSAS,74,1,4,BSA,110,3.356,2,2,12847,84927,2.923
847,3.7, , , , , , ,620,640,1260,2,4,17,BSAE,77,1,3,BSAE,66,1.76,3,4,1568,51366,1.308
848,2.7,42.3076923076923, , , , , ,400,440,840,2,7,17,BSATM,75,1,4,BSATM,126,2.473,2,2,18586,68793,2.059
849,2.8, , , , , , ,460,560,1020,2,9,16,BSBA,66,1,1,BSBA,21,1.929,3,4,13335,80225,2.813
850,3,22.7692307692308, , , , , ,540,640,1180,2,7,16,BSAS,64,1,1,BSAS,0, ,3,3,5350,50770,3.133
851,3.45,21.4285714285714,15,12,20, , ,450,460,910,2,5,17,NDCOE,64,1,1,NDCOE,0, ,3,3,0,26790, 
852,3.46,24.3589743589744,19,21,18, , ,420,380,800,2,7,16,BSBA,73,1,3,BSBA,85,2.268,3,3,17520,81897,2.625
853,3.9,2.65486725663717,21,17,21, , , , , ,2,7,16,BSAE,64,1,1,BSAE,6, ,3,3,0,20893, 
854,2.26,53.2142857142857, , , , , , , , ,2,5,13,BSAE,65,1,2,BSEP,45,1.923,3,3,8947,28614,1.923
855,3.02, ,20,22,20, , ,460,480,940,2,7,16,BSAE,74,1,4,BSASP,108,2.769,2,2,18132,72085,2.308
856,3.16,39.1304347826087,20,19,18, , , , , ,1,7,16,BSAMS,67,1,2,BSAMS,38,2.472,3,3,86665,281963,3.063
857,3.3, , , , , , ,630,650,1280,2,7,18,BSAE,64,1,1,BSAE,0, ,3,3,33844,144027,1.867
858,2.85, , , , , , ,520,510,1030,2,4,16,BSAS,74,1,4,BSAS,116,3.472,2,2,2193,54917,3.6
859,3.7,20.3703703703704, , , , , ,660,640,1300,2,7,16,BSAE,67,1,1,BSAE,25,2.625,3,3,11416,65756,3.563
860,3.66,22.3529411764706, , , , , ,480,650,1130,2,4,16,BSAE,76,1,4,BSAE,127,3.397,2,2,99999,237455,3.688
861,3.36,37.8787878787879, , , , , ,560,620,1180,2,7,16,BSAS,65,1,1,BSAS,9,1.417,3,3,26970,117187,1.417
862,3.9,6.17283950617284, , , , , ,580,600,1180,2,7,17,BSAS,75,1,4,BSAS,132,3.412,2,2,36815,156913,3.063
863,3.47,30.1587301587302, , , , , ,550,580,1130,2,4,16,BSAS,76,1,4,BSAS,116,3.606,2,2,9134,91501,3.267
864,2.7,67.0146137787056,27,27,28, , , , , ,2,7,16,BSAS,64,1,1,BSAS,0, ,3,3,28796,119817,1.667
865,3.24,18.3206106870229, , , , , ,540,540,1080,2,7,17,BSME,76,1,4,BSME,128,2.893,2,2,26517,86486,3.235
866, ,36.3013698630137,19,19,18, , , , , ,2,7,14,BSAS,72,1,2,BSAMS,43,2.474,3,3,4567,52012,1.7
867,2.7,64.2857142857143, , , , , ,500,560,1060,2,7,17,BSAS,75,1,4,BSA,119,2.642,2,2,80,4874,2.563
868,2.43, , , , , , ,420,530,950,2,9,16,BSAS,74,1,4,BSHS,113,2.559,2,2,55335,200841,2.4
869,3.64,22.6757369614512, , , , , ,500,470,970,2,7,17,BSSP,74,1,3,BSSP,82,2.856,3,3,12221,116434,2.588
870,3.7,15.2542372881356, , , , , ,550,560,1110,2,7,16,BSASP,68,1,2,BSAE,49,3.184,3,3,18932,96912,3.5
871,2.74,61.6452991452991, , , , , ,390,460,850,2,2,17,BSATM,76,1,4,BSATM,116,2.209,2,2,0,26489,1.235
872,3.37,26.7156862745098, , , , , ,420,450,870,2,7,17,BSAE,65,1,1,BSAE,22,1.6,3,3,13222,156038,1.6
873,2.68, ,23,22,24,23,12,450,540,990,2,7,15,NDCOE,82,1,4,BSABA,117,2.26,1,1, , ,2.75
874,2.71, ,22,21,24,23,13, , , ,2,9,17,BSAE,67,1,2,BSAE,30,2.267,3,3,58832,336308,2.176
875,3.11, , , , , , ,760,680,1440,1,7,16,BSEP,68,1,2,BSEP,52,2.833,3,3,24090,173090,2.462
876,3.7,15.9045725646123,16,12,18, , ,400,460,860,1,4,14,BSAS,77,1,4,BSEE,140,2.69,2,2,11622,67336,2.714
877,2.6, , , , , , ,430,520,950,2,7,16,BSBA,73,1,4,BSBA,111,2.988,2,2,58277,180211,2.875
878,3.11,56.2277580071174, , , , , ,690,590,1280,2,5,13,BSAE,76,1,4,BSHS,111,3.164,2,2,30528,139400,2.357
879,3.85,13.2183908045977, , , , , ,600,680,1280,2,7,16,BSAE,74,1,4,BSSP,119,2.887,2,2,8251,67428,2.923
880,3.13,32.4675324675325,21,20,25, , ,460,520,980,2,2,15,BSAS,67,1,1,BSAS,26,2.308,3,3,99999,785093,2.357
881, ,9.33333333333333,29,27,29,28,17,560,630,1190,2,7,16,BSATM,71,1,4,BSATM,105,3.473,2,2,62596,229545,3.438
882,3.78, ,25,27,22,23,14, , , ,2,7,15,BSAS,71,1,2,BSA,47,2.321,2,2,15783,88825,2.357
883,3.37, , , , , , ,650,680,1330,2,7,16,BSAE,71,1,2,BSAE,44,2.058,3,4,0,9500,2.438
884,3, ,25,25,30, , , , , ,2,4,16,BSAE,77,1,4,BSEP,133,3.186,2,2,9768,94416,1.231
885,3.25, , , , , , , , , ,2,2,14,BSAE,82,1,4,BSME,89,2.49,1,1,0,11726,3.214
886,2.97,50.7246376811594,28,23,30, , , , , ,2,7,16,BSAE,64,1,1,BSAE,0, ,3,3,9078,93675,.833
887,3.7,11.8881118881119, , , , , ,510,600,1110,2,7,16,BSAS,65,1,1,BSAMET,6,.769,3,4,3921,62346,.769
888,2.65, , , , , , ,500,490,990,2,5,16,BSAS,64,1,1,BSAS,0, ,3,3,11368,68329,2.833
889,3.01, ,23,21,25,26,10,480,610,1090,2,7,17,BSAE,75,1,4,BSA,112,2.441,2,2,12169,163987,1.643
890,2.8,37.3205741626794, , , , , ,410,430,840,2,5,17,BSAS,68,1,2,BSBA,38,2.342,3,3,1257,29342,2
891,3, , , , , , ,510,460,970,2,5,16,BSAE,65,1,1,BSAE,10,2.2,3,4,34,22014,2.2
892,3, , , , , , ,600,610,1210,2,7,16,BSAS,73,1,4,BSA,105,2.765,2,2,14975,92000,3.067
893,3.36,23.5955056179775, , , , , ,580,680,1260,2,9,16,BSAE,74,1,4,BSAE,139,3,2,2,23251,156987,3.5
894,3.8,9.56937799043062, , , , , ,600,700,1300,2,7,16,BSAE,76,1,4,BSAE,126,3.033,2,2,4609,59399,2.5
895,3.17, , , , , , ,500,560,1060,2,7,16,BSEE,67,1,2,BSEE,28,1.714,3,3,31204,117521,2.625
896,1.7, , , , , , ,520,610,1130,2,9,17,BSAE,82,1,4,BSAE,115,2.43,1,1,0,21596,2.882
897,2.93,45.0567260940032,22,19,20,23,15,490,460,950,1,2,16,BSATM,65,1,1,BSATM,14,1.765,3,3,0,32378,1.765
898,2.7,32.1192052980132,20,21,16,19,13, , , ,1,7,16,BSAS,68,1,1,BSAS,24,1.833,3,3,18155,61844,.667
899,2.64, ,15,16,17, , , , , ,1,5,14,BSAS,65,1,1,BSAS,5,1.231,3,4,0,30027,1.231
900,3.47,13.9393939393939, , , , , ,460,510,970,2,9,15,BSAS,76,1,4,BSA,123,2.236,2,2,9269,94756,2
901,2.94,27.3703041144902,28,28,32,25,12,560,690,1250,1,5,16,BSAS,81,1,4,BSAS,138,3.65,3,3,8066,129311,3.467
902,3.72,15.7894736842105,24,25,28, , , , , ,2,7,17,BSAE,77,1,4,BSAE,134,3.027,2,2,50294,179888,3.143
903,3.41, , , , , , ,500,560,1060,2,2,16,BSAMS,70,1,2,BSAMS,52,2.538,3,3,276,35613,2.313
904,3.64, ,25,27,22, , , , , ,1,7,13,BSHS,64,1,1,BSHS,0, ,3,3,868,41098, 
905,3.44,34.4186046511628,28,27,29, , ,680,700,1380,2,7,15,NDCOE,70,1,2,NDCOE,42,1.69,3,4,13112,70308,1.308
906,2.31, ,18,19,20, , ,450,530,980,2,7,16,BSAS,64,1,1,BSAS,0, ,3,3,31323,125719,1.6
907,3.49, , , , , , ,570,520,1090,2,7,15,BSAE,64,1,1,BSAE,6,4,3,3,43327,101331,3.2
908,2.31,88.4615384615385, , , , , ,510,550,1060,2,7,16,BSAMS,65,1,1,BSAMS,10,2.6,3,3,0,600,2.6
909,3,72.89972899729, , , , , ,480,490,970,2,7,12,BSAMS,69,1,2,BSAMS,42,2.262,3,3,10960,78334,1.75
910,2.88,61.1940298507463,13,16,15, , , , , ,1,5,14,BSBC,80,1,4,BSBC,132,2.28,2,2,39,35756,2.75
911,3.26,31.7109144542773,20,16,21, , ,440,430,870,2,5,15,BSBA,80,1,4,BSHS,149,2.03,3,3,1402,33311,2.2
912,2.57,54.5909849749583,14,11,16, , ,420,400,820,2,5,13,BSASP,65,1,1,BSME,10,1.923,3,4,0,12647,1.923
913,2.96,43.2228915662651, , , , , ,570,540,1110,2,7,16,NDCOE,77,1,4,BSME,112,2.197,2,2,99999,335509,2.75
914,2.88,57.6642335766423, , , , , ,570,520,1090,2,7,15,BSAS,65,1,1,BSAS,14,1.909,3,3,99999,698658,1.909
915,3.2,31.4199395770393,18,16,17,20,8,380,380,760,2,5,14,BSAS,70,1,2,BSA,40,1.771,3,3,600,17715,2.462
916,3.3, ,25,26,23, , , , , ,2,7,16,BSAS,64,1,1,BSAS,0, ,3,3,17843,55700,3.6
917,3.5,37.6760563380282, , , , , ,580,540,1120,2,7,16,BSCIV,68,1,2,BSBA,28,2.387,3,3,31735,103818,2.385
918,3.98, ,29,32,26, , , , , ,1,7,16,BSAE,68,1,2,BSAMET,44,3.025,3,3,2500,44137,2.813
919,2.42, , , , , , ,330,370,700,2,9,12,BSAMS,78,1,4,BSA,122,2,2,2,0,45000,1.917
920,2.65,65.5913978494624, , , , , ,440,490,930,2,7,17,BSASP,65,1,1,BSASP,7,.529,3,4,5768,72406,.529
921,2.73, , , , , , ,390,460,850,2,2,14,BSAS,79,1,4,BSAS,110,2.49,3,3,8959,70000,2.846
922,4,.198807157057654,29,23,30, , , , , ,2,7,14,BSAE,82,1,4,BSAE,124,3.91,1,1,100,21411,4
923,2.62,48.9304812834225, , , , , ,450,450,900,2,9,16,BSASP,65,1,1,BSASP,10,1.385,3,4,0,11916,1.385
924,3.85, , , , , , ,440,620,1060,1,2,17,BSAE,82,1,4,BSHFP,127,2.76,1,1,5115,64992,3.706
925,3.97,6.97674418604651, , , , , ,690,630,1320,2,7,17,BSAE,76,1,4,BSAMET,128,3.649,2,2,10694,74577,2.714
926,3.2, , , , , , ,380,470,850,1,5,17,BSCE,66,1,1,BSCE,25,1.92,3,4,822,35023,1.143
927,2.69,26.1950286806883,27,28,26, , ,660,590,1250,2,2,14,NDCOS,74,1,1,BSME,26,2.184,3,4,0,31504,3.429
928,2.68,39.4255874673629, , , , , ,470,600,1070,1,9,17,BSBA,74,1,4,BSBA,109,2.872,2,2,99999,180238,2.706
929,2.44, , , , , , ,480,340,820,2,7,16,BSBA,65,1,1,BSBA,16,1.375,3,3, , ,1.375
930,3.74, , , , , , ,320,370,690,2,2,17,BSME,65,1,1,BSME,0, ,3,3,3283,58160, 
931,3.5, ,19,15,25, , , , , ,2,7,12,BSAMS,68,1,2,BSAMS,36,2.222,3,3,15817,97561,2.333
932,2.8, , , , , , , , , ,2,2,12,BSAMS,69,1,2,BSAMS,32,2.188,3,3,3310,44510,2
933,2.47, ,18,16,18, , , , , ,2,7,12,BSAMS,68,1,2,BSAMS,48,2.75,3,3,16902,139317,2.5
934,2.55,82.5944170771757, , , , , ,510,440,950,2,2,16,NDCOS,68,1,2,BSAS,30,1.903,3,3,0,19657,2.692
935,2.59,49.034749034749, , , , , ,490,430,920,2,7,13,NDCOS,65,1,1,BSHFP,10,1.615,3,3,21367,118654,1.615
936,3.58,4.02684563758389, , , , , ,650,720,1370,2,7,17,BSAE,79,1,4,BSAE,127,3.16,2,2,7082,82742,3.176
937,3.73, ,28,31,29, , ,560,580,1140,2,7,17,BSAE,65,1,1,BSAE,11,2.571,3,3,24203,193781,2.571
938,3.7,10.4575163398693, , , , , ,670,630,1300,2,7,16,BSAE,65,1,1,BSAE,9,1.688,3,3,2882,52773,1.688
939,2.3,62.2950819672131, , , , , ,570,640,1210,2,7,16,BSAE,67,1,1,BSAE,19,1.842,3,4, , ,1.438
940,3.97,2.04545454545455,25,28,27, , , , , ,2,7,17,BSAE,77,1,4,BSAE,125,3.035,2,2, , ,2.647
941,2.8,50.8450704225352, , , , , ,460,420,880,2,4,16,BSAS,65,1,1,BSAS,15,2.667,3,3,14782,100907,2.667
942,1.94, , , , , , ,460,480,940,1,5,17,BSATM,65,1,1,BSATM,8,.824,3,4,17689,81740,.824
943,2.3, , , , , , ,360,460,820,2,5,16,BSAE,64,1,1,BSAE,0, ,3,3,0,15020, 
944,3.14,14.4876325088339,22,22,22, , ,400,490,890,1,7,16,BSBC,65,1,1,BSBC,13,2.538,3,3,15820,114728,2.538
945,2.78,65.3141361256545, , , , , ,390,410,800,1,7,17,BSATM,65,1,1,BSATM,14,1.588,3,3,852,25936,1.588
946,3.5, , , , , , , , , ,2,5,17,BSBA,77,1,4,BSBA,119,2.598,2,2,0,17002,1.529
947,3.28,27.1398747390397,19,15,20, , ,390,480,870,2,7,16,NDCOS,76,1,4,BSATM,112,2.794,2,2,0,17979,3.063
948,3.2,28.4210526315789,26,24,29, , , , , ,2,7,14,BSBA,64,1,1,BSBA,0, ,3,3,60,6353,.857
949,3.96, , , , , , ,380,550,930,1,9,15,BSBA,76,1,4,BSAE,131,3.512,2,2,0,19261,3.75
950,3.48,12.4087591240876,24,26,21,19,15, , , ,1,7,16,BSATM,73,1,4,BSATM,117,2.556,2,2,47466,148767,2.846
951,2.67,69.3032015065913,20,15,21, , , , , ,2,5,15,BSATM,64,1,1,BSATM,0, ,3,3,0,23901, 
952,2.66,75.6019261637239,15,14,16, , ,410,420,830,2,2,15,BSHS,74,1,4,BSHS,129,3.168,2,2,0,11661,3.2
953,1.34, , , , , , , , , ,2,7,12,BSAMS,68,1,2,BSAMS,36,2.889,3,3,0,0,2.75
954,2.3,80.4034582132565, , , , , ,430,500,930,1,7,12,BSAMS,68,1,2,BSAMS,36,2.5,3,3,1939,11358,2.5
955,2.43,77.7327935222672, , , , , ,490,530,1020,2,5,14,BSAS,64,1,1,BSAS,0, ,3,3,34609,122778,1.833
956,2.89,35.1851851851852, , , , , ,550,560,1110,2,7,17,BSEE,67,1,2,BSEE,32,2.361,3,4,12396,160000,2.286
957,2.55,74.5562130177515,21,20,22,19,10, , , ,2,4,16,BSAS,79,1,4,BSBA,116,1.93,3,4,13493,77604,1.417
958,2.23,86.9158878504673, , , , , ,590,450,1040,1,7,16,BSHS,81,1,1,BSBC,0,0,3,4, , ,0
959,2.3, ,14,12,15,19,6,280,340,620,2,5,14,BSHS,65,1,1,BSHS,1,.214,3,4,9277,119687,.214
960, , , , , , , ,380,500,880,1,4,16,BSAE,75,1,4,BSAE,126,2.619,2,2,0,20025,2.5
961,3.58,18.0515759312321,22,15,28, , ,510,560,1070,2,7,16,BSME,65,1,1,BSBA,13,3.231,3,3,51179,187073,3.231
962,2.07,92.8571428571429, , , , , ,440,540,980,2,7,12,BSAMS,79,1,3,BSAMS,69,2.07,3,3,74996,276960,1.333
963,3.05,52.1459227467811,19,18,17, , ,440,400,840,2,7,16,BSATM,64,1,1,BSATM,0, ,3,3,0,17882,2.438
964,2.51,64.7492625368732, , , , , ,540,520,1060,2,7,14,BSASP,64,1,1,BSASP,0, ,3,3,14210,85098,.214
965,3.1,30.6784660766962, , , , , ,500,550,1050,1,7,12,BSHFP,74,1,4,BSBA,120,3.538,2,2, , ,2.25
966,3.3, , , , , , , , , ,2,5,15,BSAS,78,1,4,BSAS,147,3.655,2,2,0,7000,3.667
967,3.8, , , , , , ,510,720,1230,2,7,16,BSAS,71,1,4,BSAS,119,3.835,2,2, , ,4
968,2.15,76.7029972752044, , , , , ,500,500,1000,2,5,15,BSATM,65,1,1,BSATM,12,2.2,3,3,0,17668,2.2
969,2.28,42.7777777777778, , , , , ,570,400,970,2,9,17,BSAS,65,1,1,BSAS,2,.231,3,4, , ,.214
970,3.3, , , , , , ,560,580,1140,2,9,16,BSAS,64,1,1,BSAS,0, ,3,4, , , 
971,3.62, , , , , , ,590,650,1240,2,7,16,BSAS,64,1,1,BSAS,0, ,3,3, , ,3.6
972,3,75,28,26,25, , , , , ,2,3,16,BSME,68,1,2,BSME,35,2.114,3,3, , ,1.625
